"Rk,Player,Age,Team,Pos,GP,G,A,PTS,-9999"
"1,Nikita Kucherov,31,TBL,RW,78,37,84,121,kucheni01"
"2,Nathan MacKinnon,29,COL,C,79,32,84,116,mackina01"
"3,Leon Draisaitl,29,EDM,C,71,52,54,106,draisle01"
"4,David Pastrňák,28,BOS,RW,82,43,63,106,pastrda01"
"5,Mitch Marner,27,TOR,RW,81,27,75,102,marnemi01"
"6,Connor McDavid,28,EDM,C,67,26,74,100,mcdavco01"
"7,Kyle Connor,28,WPG,LW,82,41,56,97,connoky01"
"8,Jack Eichel,28,VEG,C,77,28,66,94,eicheja01"
"9,Cale Makar,26,COL,D,80,30,62,92,makarca01"
"10,Sidney Crosby,37,PIT,C,80,33,58,91,crosbsi01"
"11,Brandon Hagel,26,TBL,LW,82,35,55,90,hagelbr01"
"12,Clayton Keller,26,UTA,C,81,30,60,90,kellecl01"
"13,Artemi Panarin,33,NYR,LW,80,37,52,89,panarar01"
"14,Nick Suzuki,25,MTL,C,82,30,59,89,suzukni01"
"15,Jesper Bratt,26,NJD,W,81,21,67,88,brattje01"
"16,Mikko Rantanen,28,3TM,RW,82,32,56,88,rantami01"
"16,Mikko Rantanen,28,COL,RW,49,25,39,64,rantami01"
"16,Mikko Rantanen,28,CAR,RW,13,2,4,6,rantami01"
"16,Mikko Rantanen,28,DAL,RW,20,5,13,18,rantami01"
"17,Mark Scheifele,31,WPG,C,82,39,48,87,scheima01"
"18,William Nylander,28,TOR,C,82,45,39,84,nylanwi01"
"19,Martin Nečas,26,2TM,C,79,27,56,83,necasma01"
"19,Martin Nečas,26,CAR,C,49,16,39,55,necasma01"
"19,Martin Nečas,26,COL,C,30,11,17,28,necasma01"
"20,Matt Duchene,34,DAL,C,82,30,52,82,duchema01"
"21,Brayden Point,28,TBL,C,77,42,40,82,pointbr01"
"22,Dylan Strome,27,WSH,C,82,29,53,82,stromdy01"
"23,Zach Werenski,27,CBJ,D,81,23,59,82,werenza01"
"24,Sam Reinhart,29,FLA,C,79,39,42,81,reinhsa01"
"25,Robert Thomas,25,STL,C,70,21,60,81,thomaro01"
"26,Jake Guentzel,30,TBL,C,80,41,39,80,guentja01"
"27,Lucas Raymond,22,DET,LW,82,27,53,80,raymolu01"
"28,Jason Robertson,25,DAL,LW,82,35,45,80,roberja01"
"29,Tim Stützle,23,OTT,LW,82,24,55,79,stuetti02"
"30,Auston Matthews,27,TOR,C,67,33,45,78,matthau01"
"31,Filip Forsberg,30,NSH,C,82,31,45,76,forsbfi01"
"32,Quinn Hughes,25,VAN,D,68,16,60,76,hughequ01"
"33,Travis Konecny,27,PHI,RW,82,24,52,76,konectr01"
"34,Sebastian Aho,27,CAR,F,79,29,45,74,ahose01"
"35,Kirill Marchenko,24,CBJ,RW,79,31,43,74,marchki01"
"36,John Tavares,34,TOR,C,75,38,36,74,tavarjo01"
"37,Matt Boldy,23,MIN,LW,82,27,46,73,boldyma01"
"38,Adrian Kempe,28,LAK,LW,81,35,38,73,kempead01"
"39,Alex Ovechkin,39,WSH,LW,65,44,29,73,ovechal01"
"40,Tage Thompson,27,BUF,C,76,44,28,72,thompta01"
"41,Aleksander Barkov,29,FLA,C,67,20,51,71,barkoal01"
"42,Wyatt Johnston,21,DAL,C,82,33,38,71,johnswy01"
"43,Cole Caufield,24,MTL,RW,82,37,33,70,caufico01"
"44,Alex DeBrincat,27,DET,RW,82,39,31,70,debrial01"
"45,Jack Hughes,23,NJD,C,62,27,43,70,hugheja03"
"46,Jordan Kyrou,26,STL,C,82,36,34,70,kyroujo01"
"47,Dylan Larkin,28,DET,C,82,30,40,70,larkidy01"
"48,Rickard Rakell,31,PIT,RW,81,35,35,70,rakelri01"
"49,J.T. Miller,31,2TM,C,72,22,48,70,millejt01"
"49,J.T. Miller,31,VAN,C,40,9,26,35,millejt01"
"49,J.T. Miller,31,NYR,C,32,13,22,35,millejt01"
"50,Nico Hischier,26,NJD,C,75,35,34,69,hischni01"
"51,Drake Batherson,26,OTT,C,82,26,42,68,bathedr01"
"52,Rasmus Dahlin,24,BUF,D,73,17,51,68,dahlira01"
"53,JJ Peterka,23,BUF,RW,77,27,41,68,peterjo01"
"54,Connor Bedard,19,CHI,C,82,23,44,67,bedarco01"
"55,Evan Bouchard,25,EDM,D,82,14,53,67,bouchev01"
"56,Roope Hintz,28,DAL,LW,76,28,39,67,hintzro01"
"57,Seth Jarvis,22,CAR,C,73,32,35,67,jarvise01"
"58,Nazem Kadri,34,CGY,C,82,35,32,67,kadrina01"
"59,Anže Kopitar,37,LAK,C,81,21,46,67,kopitan01"
"60,Mark Stone,32,VEG,RW,66,19,48,67,stonema01"
"61,Alex Tuch,28,BUF,RW,82,36,31,67,tuchal01"
"62,Pierre-Luc Dubois,26,WSH,LW,82,20,46,66,duboipi01"
"63,Victor Hedman,34,TBL,D,79,15,51,66,hedmavi01"
"64,Lane Hutson,20,MTL,D,82,6,60,66,hutsola01"
"65,Aliaksei Protas,24,WSH,C,76,30,36,66,protaal01"
"66,Mikael Granlund,32,2TM,C,83,22,44,66,granlmi01"
"66,Mikael Granlund,32,SJS,C,52,15,30,45,granlmi01"
"66,Mikael Granlund,32,DAL,C,31,7,14,21,granlmi01"
"67,Logan Cooley,20,UTA,C,75,25,40,65,coolelo01"
"68,Bryan Rust,32,PIT,RW,71,31,34,65,rustbr01"
"69,Tom Wilson,30,WSH,RW,81,33,32,65,wilsoto01"
"70,Macklin Celebrini,18,SJS,F,70,25,38,63,celebma01"
"71,Nikolaj Ehlers,28,WPG,LW,69,24,39,63,ehlerni01"
"72,Dylan Holloway,23,STL,C,77,26,37,63,hollody01"
"73,Matvei Michkov,20,PHI,RW,80,26,37,63,michkma01"
"74,Nick Schmaltz,28,UTA,C,82,20,43,63,schmani01"
"75,Ryan Donato,28,CHI,C,80,31,31,62,donatry01"
"76,Jonathan Huberdeau,31,CGY,LW,81,28,34,62,huberjo01"
"77,Josh Morrissey,29,WPG,D,80,14,48,62,morrijo04"
"78,Mika Zibanejad,31,NYR,C,82,20,42,62,zibanmi01"
"79,Adam Fox,26,NYR,D,74,10,51,61,foxad01"
"80,Tomáš Hertl,31,VEG,C,73,32,29,61,hertlto01"
"81,Jared McCann,28,SEA,C,82,22,39,61,mccanja01"
"82,Gabriel Vilardi,25,WPG,C,71,27,34,61,vilarga01"
"83,Kevin Fiala,28,LAK,LW,81,35,25,60,fialake01"
"84,Dylan Guenther,21,UTA,RW,70,27,33,60,guentdy01"
"85,Marco Rossi,23,MIN,C,82,24,36,60,rossima01"
"86,Anthony Cirelli,27,TBL,C,80,27,32,59,cirelan01"
"87,Patrick Kane,36,DET,RW,72,21,38,59,kanepa01"
"88,Vincent Trocheck,31,NYR,C,82,26,33,59,trochvi01"
"89,William Eklund,22,SJS,LW,77,17,41,58,eklunwi01"
"90,Matthew Knies,22,TOR,LW,78,29,29,58,kniesma01"
"91,Teuvo Teräväinen,30,CHI,F,82,15,43,58,teravte01"
"92,Pavel Buchnevich,29,STL,LW,76,20,37,57,buchnpa01"
"93,Morgan Geekie,26,BOS,C,77,33,24,57,geekimo01"
"94,Bo Horvat,29,NYI,C,81,28,29,57,horvabo01"
"95,Kent Johnson,22,CBJ,C,68,24,33,57,johnske01"
"96,Connor McMichael,24,WSH,C,82,26,31,57,mcmicco01"
"97,Sean Monahan,30,CBJ,C,54,19,38,57,monahse01"
"98,Jake Sanderson,22,OTT,D,80,11,46,57,sandeja01"
"99,Shea Theodore,29,VEG,D,67,7,50,57,theodsh01"
"100,Matthew Tkachuk,27,FLA,LW,52,22,35,57,tkachma01"
"101,Kirill Kaprizov,27,MIN,LW,41,25,31,56,kapriki01"
"102,Jonathan Marchessault,34,NSH,C,78,21,35,56,audymjo01"
"103,Brock Nelson,33,2TM,C,80,26,30,56,nelsobr01"
"103,Brock Nelson,33,NYI,C,61,20,23,43,nelsobr01"
"103,Brock Nelson,33,COL,C,19,6,7,13,nelsobr01"
"104,Troy Terry,27,ANA,C,77,21,34,55,terrytr01"
"105,Brady Tkachuk,25,OTT,LW,72,29,26,55,tkachbr01"
"106,Quinton Byfield,22,LAK,C,81,23,31,54,byfiequ01"
"107,Adam Fantilli,20,CBJ,C,82,31,23,54,fantiad01"
"108,Anders Lee,34,NYI,LW,82,29,25,54,leean01"
"109,Tyler Toffoli,32,SJS,C,78,30,24,54,toffoty01"
"110,Mats Zuccarello,37,MIN,LW,69,19,35,54,zuccama01"
"111,Erik Karlsson,34,PIT,D,82,11,42,53,karlser01"
"112,Ryan McLeod,25,BUF,C,79,20,33,53,mcleory01"
"113,Timo Meier,28,NJD,RW,80,26,27,53,meierti01"
"114,Ryan O'Reilly,33,NSH,C,79,21,32,53,oreilry01"
"115,Mikhail Sergachev,26,UTA,D,77,15,38,53,sergami01"
"116,Steven Stamkos,34,NSH,C,82,27,26,53,stamkst01"
"117,Carter Verhaeghe,29,FLA,C,81,20,33,53,verhaca01"
"118,Jason Zucker,33,BUF,LW,73,21,32,53,zuckeja01"
"119,Pavel Dorofeyev,24,VEG,LW,82,35,17,52,dorofpa01"
"120,Mason McTavish,22,ANA,C,76,22,30,52,mctavma01"
"121,Ivan Barbashev,29,VEG,C,70,23,28,51,barbaiv01"
"122,Sam Bennett,28,FLA,C,76,25,26,51,bennesa01"
"123,John Carlson,35,WSH,D,79,5,46,51,carlsjo01"
"124,Juraj Slafkovsky,20,MTL,LW,79,18,33,51,slafkju01"
"125,Chandler Stephenson,30,SEA,C,78,13,38,51,stephch02"
"126,Brad Marchand,36,2TM,LW,71,23,28,51,marchbr03"
"126,Brad Marchand,36,BOS,LW,61,21,26,47,marchbr03"
"126,Brad Marchand,36,FLA,LW,10,2,2,4,marchbr03"
"127,Brock Boeser,27,VAN,RW,75,25,25,50,boesebr01"
"128,Conor Garland,28,VAN,RW,81,19,31,50,garlaco01"
"129,Claude Giroux,37,OTT,C,81,15,35,50,giroucl01"
"130,Thomas Harley,23,DAL,D,78,16,34,50,harleth01"
"131,Evgeni Malkin,38,PIT,C,68,16,34,50,malkiev01"
"132,Cole Perfetti,23,WPG,C,82,18,32,50,perfeco01"
"133,Brayden Schenn,33,STL,C,82,18,32,50,schenbr01"
"134,Jamie Benn,35,DAL,LW,80,16,33,49,bennja01"
"135,Ryan Nugent-Hopkins,31,EDM,C,78,20,29,49,nugenry01"
"136,Jaden Schwartz,32,SEA,C,81,26,23,49,schwaja01"
"137,Jake DeBrusk,28,VAN,LW,82,28,20,48,debruja01"
"138,Kyle Palmieri,33,NYI,RW,82,24,24,48,palmiky01"
"139,Andrei Svechnikov,24,CAR,RW,72,20,28,48,svechan01"
"140,Jakob Chychrun,26,WSH,D,74,20,27,47,chychja01"
"141,Matthew Coronato,22,CGY,RW,77,24,23,47,coronma01"
"142,Elias Lindholm,30,BOS,C,82,17,30,47,lindhel01"
"143,Mason Marchment,29,DAL,F,62,22,25,47,marchma01"
"144,Dmitri Voronkov,24,CBJ,LW,73,23,24,47,vorondi01"
"145,MacKenzie Weegar,31,CGY,D,81,8,39,47,weegama01"
"146,Pavel Zacha,27,BOS,C,82,14,33,47,zachapa01"
"147,Dylan Cozens,23,2TM,C,82,16,31,47,cozendy01"
"147,Dylan Cozens,23,BUF,C,61,11,20,31,cozendy01"
"147,Dylan Cozens,23,OTT,C,21,5,11,16,cozendy01"
"148,Tyler Bertuzzi,29,CHI,LW,82,23,23,46,bertuty01"
"149,Warren Foegele,28,LAK,LW,82,24,22,46,foegewa01"
"150,Barrett Hayton,24,UTA,C,82,20,26,46,haytoba01"
"151,Jake Neighbours,22,STL,LW,82,22,24,46,neighja01"
"152,Moritz Seider,23,DET,D,82,8,38,46,seidemo01"
"153,Pius Suter,28,VAN,F,81,25,21,46,suterpi01"
"154,Oliver Bjorkstrand,29,2TM,RW,79,21,25,46,bjorkol01"
"154,Oliver Bjorkstrand,29,SEA,RW,61,16,21,37,bjorkol01"
"154,Oliver Bjorkstrand,29,TBL,RW,18,5,4,9,bjorkol01"
"155,Leo Carlsson,20,ANA,C,76,20,25,45,carlsle01"
"156,Thomas Chabot,28,OTT,D,80,9,36,45,chaboth01"
"157,Sean Couturier,32,PHI,C,79,15,30,45,coutuse01"
"158,William Cuylle,22,NYR,LW,82,20,25,45,cuyllwi01"
"159,Shayne Gostisbehere,31,CAR,D,70,7,38,45,gostish01"
"160,Simon Holmström,23,NYI,RW,75,20,25,45,holmssi01"
"161,Alexis Lafrenière,23,NYR,LW,82,17,28,45,lafreal01"
"162,Artturi Lehkonen,29,COL,LW,69,27,18,45,lehkoar01"
"163,Anton Lundell,23,FLA,C,79,17,28,45,lundean01"
"164,Elias Pettersson,26,VAN,C,64,15,30,45,petteel01"
"165,Will Smith,19,SJS,C,74,18,27,45,smithwi01"
"166,Frank Vatrano,30,ANA,LW,81,21,24,45,vatrafr01"
"167,Cutter Gauthier,21,ANA,LW,82,20,24,44,gauthcu01"
"168,Luke Hughes,21,NJD,D,71,7,37,44,hughelu01"
"169,Zach Hyman,32,EDM,LW,73,27,17,44,hymanza01"
"170,Devon Toews,30,COL,D,76,10,34,44,toewsde01"
"171,Shane Wright,21,SEA,C,79,19,25,44,wrighsh01"
"172,Kaapo Kakko,23,2TM,RW,79,14,30,44,kakkoka01"
"172,Kaapo Kakko,23,NYR,RW,30,4,10,14,kakkoka01"
"172,Kaapo Kakko,23,SEA,RW,49,10,20,30,kakkoka01"
"173,Matty Beniers,22,SEA,C,82,20,23,43,beniema01"
"174,Phillip Danault,31,LAK,C,80,8,35,43,danauph01"
"175,Tyson Foerster,23,PHI,RW,81,25,18,43,foersty01"
"176,Jackson LaCombe,24,ANA,D,75,14,29,43,lacomja01"
"177,Owen Tippett,25,PHI,RW,77,20,23,43,tippeow01"
"178,Alex Laferriere,23,LAK,RW,77,19,23,42,laferal01"
"179,Jean-Gabriel Pageau,32,NYI,C,79,14,28,42,pageaje01"
"180,Taylor Hall,33,2TM,LW,77,18,24,42,hallta02"
"180,Taylor Hall,33,CHI,LW,46,9,15,24,hallta02"
"180,Taylor Hall,33,CAR,LW,31,9,9,18,hallta02"
"181,Bobby Brink,23,PHI,RW,79,12,29,41,brinkbo01"
"182,Brandon Montour,30,SEA,D,81,18,23,41,montobr01"
"183,Stefan Noesen,31,NJD,RW,78,22,19,41,noesest01"
"184,Nick Paul,29,TBL,LW,76,22,19,41,paulni01"
"185,Morgan Rielly,30,TOR,D,82,7,34,41,riellmo01"
"186,Ryan Strome,31,ANA,C,82,10,31,41,stromry01"
"187,Fabian Zetterlund,25,2TM,W,84,19,22,41,zettefa01"
"187,Fabian Zetterlund,25,SJS,W,64,17,19,36,zettefa01"
"187,Fabian Zetterlund,25,OTT,W,20,2,3,5,zettefa01"
"188,Evgenii Dadonov,35,DAL,RW,80,20,20,40,dadonev01"
"189,Matt Grzelcyk,31,PIT,D,82,1,39,40,grzelma01"
"190,Dougie Hamilton,31,NJD,D,64,9,31,40,hamildo01"
"191,Brett Howden,26,VEG,C,80,23,17,40,howdebr01"
"192,Trevor Moore,29,LAK,LW,71,18,22,40,mooretr01"
"193,Owen Power,22,BUF,D,79,7,33,40,powerow01"
"194,Kiefer Sherwood,29,VAN,RW,78,19,21,40,sherwki01"
"195,Cam Fowler,33,2TM,D,68,9,31,40,fowleca01"
"195,Cam Fowler,33,ANA,D,17,0,4,4,fowleca01"
"195,Cam Fowler,33,STL,D,51,9,27,36,fowleca01"
"196,Casey Mittelstadt,26,2TM,C,81,15,25,40,mitteca01"
"196,Casey Mittelstadt,26,COL,C,63,11,23,34,mitteca01"
"196,Casey Mittelstadt,26,BOS,C,18,4,2,6,mitteca01"
"197,Jake Walman,28,2TM,D,65,7,33,40,walmaja01"
"197,Jake Walman,28,SJS,D,50,6,26,32,walmaja01"
"197,Jake Walman,28,EDM,D,15,1,7,8,walmaja01"
"198,Reilly Smith,33,2TM,RW,79,13,27,40,smithre01"
"198,Reilly Smith,33,NYR,RW,58,10,19,29,smithre01"
"198,Reilly Smith,33,VEG,RW,21,3,8,11,smithre01"
"199,Blake Coleman,33,CGY,C,82,15,24,39,colembl01"
"200,Noah Dobson,25,NYI,D,71,10,29,39,dobsono01"
"201,Vince Dunn,28,SEA,D,62,11,28,39,dunnvi02"
"202,Noah Hanifin,28,VEG,D,80,10,29,39,hanifno01"
"203,Neal Pionk,29,WPG,D,69,10,29,39,pionkne01"
"204,Jack Quinn,23,BUF,RW,74,15,24,39,quinnja01"
"205,Jack Roslovic,28,CAR,C,81,22,17,39,rosloja01"
"206,Bowen Byram,23,BUF,D,82,7,31,38,byrambo01"
"207,Brendan Gallagher,32,MTL,RW,82,21,17,38,gallabr01"
"208,Roman Josi,34,NSH,D,53,9,29,38,josiro01"
"209,Vladislav Namestnikov,32,WPG,C,78,11,27,38,namesvl01"
"210,Michael Bunting,29,2TM,LW,76,19,19,38,buntimi01"
"210,Michael Bunting,29,PIT,LW,58,14,15,29,buntimi01"
"210,Michael Bunting,29,NSH,LW,18,5,4,9,buntimi01"
"211,Logan Stankoven,21,2TM,C,78,14,24,38,stanklo01"
"211,Logan Stankoven,21,DAL,C,59,9,20,29,stanklo01"
"211,Logan Stankoven,21,CAR,C,19,5,4,9,stanklo01"
"212,André Burakovsky,29,SEA,LW,79,10,27,37,burakan01"
"213,Noah Cates,25,PHI,LW,78,16,21,37,catesno01"
"214,Jonathan Drouin,29,COL,LW,43,11,26,37,drouijo01"
"215,Frédérick Gaudreau,31,MIN,C,82,18,19,37,gaudrfr01"
"216,Marco Kasper,20,DET,C,77,19,18,37,kaspema01"
"217,Alex Killorn,35,ANA,C,82,19,18,37,killoal01"
"218,Nino Niederreiter,32,WPG,RW,82,17,20,37,niedeni01"
"219,Shane Pinto,24,OTT,C,70,21,16,37,pintosh01"
"220,Darren Raddysh,28,TBL,D,73,6,31,37,raddyda01"
"221,Morgan Frost,25,2TM,C,81,14,23,37,frostmo01"
"221,Morgan Frost,25,PHI,C,49,11,14,25,frostmo01"
"221,Morgan Frost,25,CGY,C,32,3,9,12,frostmo01"
"222,Andrei Kuzmenko,28,3TM,F,66,11,26,37,kuzmean01"
"222,Andrei Kuzmenko,28,CGY,F,37,4,11,15,kuzmean01"
"222,Andrei Kuzmenko,28,PHI,F,7,2,3,5,kuzmean01"
"222,Andrei Kuzmenko,28,LAK,F,22,5,12,17,kuzmean01"
"223,Zachary Bolduc,21,STL,C,72,19,17,36,bolduza01"
"224,Jake Evans,28,MTL,C,82,13,23,36,evansja02"
"225,Jordan Martinook,32,CAR,LW,79,15,21,36,martijo01"
"226,Dawson Mercer,23,NJD,C,82,19,17,36,merceda01"
"227,Colton Parayko,31,STL,D,64,16,20,36,parayco01"
"228,Jordan Staal,36,CAR,C,75,13,23,36,staaljo01"
"229,James van Riemsdyk,35,CBJ,LW,71,16,20,36,vanrija01"
"230,Seth Jones,30,2TM,D,63,9,27,36,jonesse01"
"230,Seth Jones,30,CHI,D,42,7,20,27,jonesse01"
"230,Seth Jones,30,FLA,D,21,2,7,9,jonesse01"
"231,Nick Foligno,37,CHI,LW,78,15,20,35,foligni01"
"232,Eeli Tolvanen,25,SEA,RW,81,23,12,35,tolvaee01"
"233,Maxim Tsyplakov,26,NYI,F,77,10,25,35,tsyplma01"
"234,Alexander Wennberg,30,SJS,C,77,10,25,35,wennbal01"
"235,Joshua Norris,25,2TM,C,56,21,14,35,norrijo01"
"235,Joshua Norris,25,OTT,C,53,20,13,33,norrijo01"
"235,Joshua Norris,25,BUF,C,3,1,1,2,norrijo01"
"236,Charlie Coyle,32,2TM,C,83,17,18,35,coylech01"
"236,Charlie Coyle,32,BOS,C,64,15,7,22,coylech01"
"236,Charlie Coyle,32,COL,C,19,2,11,13,coylech01"
"237,Jackson Blake,21,CAR,RW,80,17,17,34,blakeja02"
"238,Ridly Greig,22,OTT,C,78,13,21,34,greigri01"
"239,Marcus Johansson,34,MIN,C,72,11,23,34,johanma03"
"240,Adam Lowry,31,WPG,LW,73,16,18,34,lowryad01"
"241,Bobby McMann,28,TOR,F,74,20,14,34,mcmanbo02"
"242,Ilya Mikheyev,30,CHI,F,80,20,14,34,mikheil01"
"243,Valeri Nichushkin,29,COL,RW,43,21,13,34,nichuva01"
"244,Brandt Clarke,21,LAK,D,78,5,28,33,clarkbr02"
"245,Max Domi,29,TOR,LW,74,8,25,33,domima01"
"246,Christian Dvorak,28,MTL,C,82,12,21,33,dvorach01"
"247,Aaron Ekblad,28,FLA,D,56,3,30,33,ekblaaa01"
"248,Mattias Ekholm,34,EDM,D,65,9,24,33,ekholma01"
"249,Filip Hronek,27,VAN,D,61,5,28,33,hronefi01"
"250,Jesperi Kotkaniemi,24,CAR,C,78,12,21,33,kotkaje01"
"251,Patrik Laine,26,MTL,RW,52,20,13,33,lainepa01"
"252,Mason Lohrei,24,BOS,D,77,5,28,33,lohrema01"
"253,Darnell Nurse,29,EDM,D,76,5,28,33,nurseda01"
"254,Alex Pietrangelo,35,VEG,D,71,4,29,33,pietral01"
"255,Ivan Provorov,28,CBJ,D,82,7,26,33,provoiv01"
"256,Cole Sillinger,21,CBJ,C,66,11,22,33,sillico01"
"257,Brady Skjei,30,NSH,D,82,10,23,33,skjeibr01"
"258,Vladimir Tarasenko,33,DET,RW,80,11,22,33,tarasvl01"
"259,Mikael Backlund,35,CGY,C,76,15,17,32,backlmi01"
"260,J.T. Compher,29,DET,LW,76,11,21,32,comphj.01"
"261,Luke Evangelista,22,NSH,RW,68,10,22,32,evanglu01"
"262,Justin Faulk,32,STL,D,78,4,28,32,faulkju01"
"263,Mathieu Olivier,27,CBJ,F,82,18,14,32,olivima01"
"264,Eric Robinson,29,CAR,LW,82,14,18,32,robiner01"
"265,Evan Rodrigues,31,FLA,C,82,15,17,32,rodriev01"
"266,Yegor Sharangovich,26,CGY,C,73,17,15,32,sharaye01"
"267,Jared Spurgeon,35,MIN,D,66,7,25,32,spurgja01"
"268,Trevor Zegras,23,ANA,C,57,12,20,32,zegratr01"
"269,Rasmus Andersson,28,CGY,D,81,11,20,31,anderra01"
"270,Simon Edvinsson,21,DET,D,78,7,24,31,edvinsi01"
"271,Gustav Forsling,28,FLA,D,80,11,20,31,forslgu02"
"272,Alex Iafallo,31,WPG,C,82,15,16,31,iafalal01"
"273,Mike Matheson,30,MTL,D,80,6,25,31,mathemi01"
"274,Ryan McDonagh,35,TBL,D,82,4,27,31,mcdonry01"
"275,Ryan Poehling,26,PHI,C,68,12,19,31,poehlry01"
"276,Nicolas Roy,27,VEG,C,71,15,16,31,royni01"
"277,Mackie Samoskevich,22,FLA,RW,72,15,16,31,samosma01"
"278,Scott Laughton,30,2TM,C,80,13,18,31,laughsc01"
"278,Scott Laughton,30,PHI,C,60,11,16,27,laughsc01"
"278,Scott Laughton,30,TOR,C,20,2,2,4,laughsc01"
"279,Yanni Gourde,33,2TM,C,57,7,24,31,gourdya01"
"279,Yanni Gourde,33,SEA,C,36,6,11,17,gourdya01"
"279,Yanni Gourde,33,TBL,C,21,1,13,14,gourdya01"
"280,Connor Brown,31,EDM,RW,82,13,17,30,brownco02"
"281,Vladislav Gavrikov,29,LAK,D,82,5,25,30,gavrivl01"
"282,Keegan Kolesar,27,VEG,RW,82,12,18,30,koleske01"
"283,Chris Kreider,33,NYR,LW,68,22,8,30,kreidch01"
"284,Kris Letang,37,PIT,D,74,9,21,30,letankr01"
"285,Corey Perry,39,EDM,RW,81,19,11,30,perryco01"
"286,Rasmus Sandin,24,WSH,D,82,4,26,30,sandira01"
"287,Travis Sanheim,28,PHI,D,82,8,22,30,sanhetr01"
"288,Alex Vlasic,23,CHI,D,82,4,26,30,vlasial01"
"289,Brandon Saad,32,2TM,LW,72,13,17,30,saadbr01"
"289,Brandon Saad,32,STL,LW,43,7,9,16,saadbr01"
"289,Brandon Saad,32,VEG,LW,29,6,8,14,saadbr01"
"290,Joel Armia,31,MTL,RW,81,11,18,29,armiajo01"
"291,Philip Broberg,23,STL,D,68,8,21,29,brobeph01"
"292,Brent Burns,39,CAR,D,82,6,23,29,burnsbr01"
"293,Ross Colton,28,COL,C,61,16,13,29,coltoro01"
"294,Oliver Ekman-Larsson,33,TOR,D,77,4,25,29,ekmanol01"
"295,Joel Eriksson Ek,28,MIN,C,46,14,15,29,eriksjo02"
"296,Brock Faber,22,MIN,D,78,10,19,29,faberbr01"
"297,Marcus Foligno,33,MIN,LW,77,14,15,29,foligma01"
"298,William Karlsson,32,VEG,C,53,9,20,29,karlswi01"
"299,Michael Kesselring,25,UTA,D,82,7,22,29,kessemi01"
"300,Victor Olofsson,29,VEG,RW,56,15,14,29,olofsvi01"
"301,Jeff Skinner,32,EDM,LW,72,16,13,29,skinnje01"
"302,Danton Heinen,29,2TM,C,79,9,20,29,heineda01"
"302,Danton Heinen,29,VAN,C,51,6,12,18,heineda01"
"302,Danton Heinen,29,PIT,C,28,3,8,11,heineda01"
"303,Marcus Pettersson,28,2TM,D,78,4,25,29,pettema01"
"303,Marcus Pettersson,28,PIT,D,47,3,15,18,pettema01"
"303,Marcus Pettersson,28,VAN,D,31,1,10,11,pettema01"
"304,Zach Benson,19,BUF,LW,75,10,18,28,bensoza01"
"305,Alexander Kerfoot,30,UTA,C,81,11,17,28,kerfoal01"
"306,Peyton Krebs,24,BUF,C,81,10,18,28,krebspe01"
"307,Adam Larsson,32,SEA,D,82,7,21,28,larssad01"
"308,Andrew Mangiapane,28,WSH,LW,81,14,14,28,mangian01"
"309,Dmitry Orlov,33,CAR,D,76,6,22,28,orlovdm01"
"310,Ondřej Palát,33,NJD,LW,77,15,13,28,palaton01"
"311,Jordan Spence,23,LAK,D,79,4,24,28,spencjo01"
"312,Kevin Stenlund,28,UTA,C,82,14,14,28,stenlke01"
"313,Gustav Nyquist,35,2TM,RW,79,11,17,28,nyquigu01"
"313,Gustav Nyquist,35,NSH,RW,57,9,12,21,nyquigu01"
"313,Gustav Nyquist,35,MIN,RW,22,2,5,7,nyquigu01"
"314,Michael Amadio,28,OTT,C,72,11,16,27,amadimi01"
"315,Josh Anderson,30,MTL,RW,81,15,12,27,anderjo05"
"316,Viktor Arvidsson,31,EDM,LW,67,15,12,27,arvidvi01"
"317,Nic Dowd,34,WSH,C,82,14,13,27,dowdni01"
"318,Adam Henrique,34,EDM,C,81,12,15,27,henriad01"
"319,Jack McBain,25,UTA,C,82,13,14,27,mcbaija03"
"320,K'Andre Miller,25,NYR,D,74,7,20,27,milleka01"
"321,Tanner Pearson,32,VEG,LW,78,12,15,27,pearsta01"
"322,Taylor Raddysh,26,WSH,RW,80,7,20,27,raddyta01"
"323,Jaccob Slavin,30,CAR,D,80,6,21,27,slavija01"
"324,Connor Zary,23,CGY,C,54,13,14,27,zaryco01"
"325,Teddy Blueger,30,VAN,C,82,8,18,26,bluegte01"
"326,Jordan Eberle,34,SEA,RW,42,9,17,26,eberljo01"
"327,Dante Fabbro,26,2TM,D,68,9,17,26,fabbrda01"
"327,Dante Fabbro,26,NSH,D,6,0,0,0,fabbrda01"
"327,Dante Fabbro,26,CBJ,D,62,9,17,26,fabbrda01"
"328,Adam Gaudette,28,OTT,C,81,19,7,26,gaudead01"
"329,Ryan Hartman,30,MIN,RW,69,11,15,26,hartmry01"
"330,Esa Lindell,30,DAL,D,80,5,21,26,lindees01"
"331,Frank Nazar,21,CHI,C,53,12,14,26,nazarfr01"
"332,Alex Newhook,24,MTL,C,82,15,11,26,newhoal01"
"333,Filip Chytil,25,2TM,C,56,13,13,26,chytifi01"
"333,Filip Chytil,25,NYR,C,41,11,9,20,chytifi01"
"333,Filip Chytil,25,VAN,C,15,2,4,6,chytifi01"
"334,Mavrik Bourque,23,DAL,C,73,11,14,25,bourqma01"
"335,Ryker Evans,23,SEA,D,73,5,20,25,evansry01"
"336,Martin Fehérváry,25,WSH,D,81,5,20,25,feherma01"
"337,Miro Heiskanen,25,DAL,D,50,5,20,25,heiskmi01"
"338,Nils Höglander,24,VAN,LW,72,8,17,25,hoglani01"
"339,Brett Kulak,31,EDM,D,82,7,18,25,kulakbr01"
"340,Martin Pospisil,25,CGY,C,81,4,21,25,pospima01"
"341,Damon Severson,30,CBJ,D,70,6,19,25,severda01"
"342,Sam Steel,26,DAL,C,79,6,19,25,steelsa01"
"343,Alex Turcotte,23,LAK,C,68,9,16,25,turcoal02"
"344,Anthony Beauvillier,27,2TM,LW,81,15,10,25,beauvan01"
"344,Anthony Beauvillier,27,PIT,LW,63,13,7,20,beauvan01"
"344,Anthony Beauvillier,27,WSH,LW,18,2,3,5,beauvan01"
"345,Joel Farabee,24,2TM,LW,81,11,14,25,farabjo01"
"345,Joel Farabee,24,PHI,LW,50,8,11,19,farabjo01"
"345,Joel Farabee,24,CGY,LW,31,3,3,6,farabjo01"
"346,Alexandre Carrier,28,2TM,D,79,3,22,25,carrial01"
"346,Alexandre Carrier,28,NSH,D,28,1,6,7,carrial01"
"346,Alexandre Carrier,28,MTL,D,51,2,16,18,carrial01"
"347,Drew O'Connor,26,2TM,F,84,10,15,25,oconndr01"
"347,Drew O'Connor,26,PIT,F,53,6,10,16,oconndr01"
"347,Drew O'Connor,26,VAN,F,31,4,5,9,oconndr01"
"348,Michael Anderson,25,LAK,D,77,6,18,24,andermi02"
"349,Jonatan Berggren,24,DET,RW,75,12,12,24,berggjo02"
"350,Samuel Girard,26,COL,D,73,3,21,24,girarsa01"
"351,Jiri Kulich,20,BUF,C,62,15,9,24,kulicji01"
"352,Eetu Luostarinen,26,FLA,C,80,9,15,24,luostee01"
"353,Tyler Myers,34,VAN,D,71,6,18,24,myersty01"
"354,Vasily Podkolzin,23,EDM,RW,82,8,16,24,podkova01"
"355,Matt Roy,29,WSH,D,69,3,21,24,royma04"
"356,Philip Tomasino,23,2TM,C,61,11,13,24,tomasph01"
"356,Philip Tomasino,23,NSH,C,11,0,1,1,tomasph01"
"356,Philip Tomasino,23,PIT,C,50,11,12,23,tomasph01"
"357,Cody Ceci,31,2TM,D,85,4,20,24,cecico01"
"357,Cody Ceci,31,SJS,D,54,4,11,15,cecico01"
"357,Cody Ceci,31,DAL,D,31,0,9,9,cecico01"
"358,Jesper Boqvist,26,FLA,C,78,12,11,23,boqvije01"
"359,Andrew Copp,30,DET,C,56,10,13,23,coppan01"
"360,Kevin Hayes,32,PIT,RW,64,13,10,23,hayeske01"
"361,Joel Kiviranta,28,COL,F,79,16,7,23,kivirjo01"
"362,Charlie McAvoy,27,BOS,D,50,7,16,23,mcavoch01"
"363,Jake McCabe,31,TOR,D,66,2,21,23,mccabja01"
"364,Ryan Pulock,30,NYI,D,74,5,18,23,pulocry01"
"365,Mason Appleton,29,WPG,C,71,10,12,22,applema01"
"366,Paul Cotter,25,NJD,C,79,16,6,22,cottepa01"
"367,Kirby Dach,24,MTL,C,57,10,12,22,dachki01"
"368,Niko Mikkola,28,FLA,D,76,6,16,22,mikkoni01"
"369,Thomas Novak,27,2TM,C,54,13,9,22,novakth01"
"369,Thomas Novak,27,NSH,C,52,13,9,22,novakth01"
"369,Thomas Novak,27,PIT,C,2,0,0,0,novakth01"
"370,Lukas Reichel,22,CHI,LW,70,8,14,22,reichlu01"
"371,Nicholas Robertson,23,TOR,LW,69,15,7,22,roberni01"
"372,Nikita Zadorov,29,BOS,D,81,4,18,22,zadorni01"
"373,Justin Brazeau,26,2TM,F,76,11,11,22,brazeju01"
"373,Justin Brazeau,26,BOS,F,57,10,10,20,brazeju01"
"373,Justin Brazeau,26,MIN,F,19,1,1,2,brazeju01"
"374,Ryan Lindgren,26,2TM,D,72,4,18,22,lindgry01"
"374,Ryan Lindgren,26,NYR,D,54,2,17,19,lindgry01"
"374,Ryan Lindgren,26,COL,D,18,2,1,3,lindgry01"
"375,Brandon Tanev,33,2TM,LW,79,10,12,22,tanevbr01"
"375,Brandon Tanev,33,SEA,LW,60,9,8,17,tanevbr01"
"375,Brandon Tanev,33,WPG,LW,19,1,4,5,tanevbr01"
"376,Brian Dumoulin,33,2TM,D,80,3,19,22,dumoubr01"
"376,Brian Dumoulin,33,ANA,D,61,2,14,16,dumoubr01"
"376,Brian Dumoulin,33,NJD,D,19,1,5,6,dumoubr01"
"377,Lars Eller,35,2TM,C,80,10,12,22,ellerla01"
"377,Lars Eller,35,PIT,C,17,4,3,7,ellerla01"
"377,Lars Eller,35,WSH,C,63,6,9,15,ellerla01"
"378,Cody Glass,25,2TM,C,65,6,16,22,glassco01"
"378,Cody Glass,25,PIT,C,51,4,11,15,glassco01"
"378,Cody Glass,25,NJD,C,14,2,5,7,glassco01"
"379,Erik Černák,27,TBL,D,76,3,18,21,cernaer01"
"380,Justin Danforth,31,CBJ,RW,61,9,12,21,danfoju01"
"381,Brandon Duhaime,27,WSH,RW,82,9,12,21,duhaibr01"
"382,Garnet Hathaway,33,PHI,RW,67,10,11,21,hathaga01"
"383,Erik Haula,33,NJD,LW,69,11,10,21,haulaer01"
"384,Nick Jensen,34,OTT,D,71,3,18,21,jenseni02"
"385,Jacob Middleton,29,MIN,D,67,8,13,21,middlja01"
"386,Logan O'Connor,28,COL,RW,80,10,11,21,oconnlo01"
"387,Adam Pelech,30,NYI,D,60,0,21,21,pelecad01"
"388,Michael Rasmussen,25,DET,C,77,11,10,21,rasmumi01"
"389,Braden Schneider,23,NYR,D,80,6,15,21,schnebr01"
"390,Tyler Seguin,33,DAL,C,20,9,12,21,seguity01"
"391,Colton Sissons,31,NSH,C,72,7,14,21,sissoco01"
"392,Trevor van Riemsdyk,33,WSH,D,82,1,20,21,vanritr01"
"393,Kevin Bahl,24,CGY,D,73,3,17,20,bahlke01"
"394,Mathew Barzal,27,NYI,C,30,6,14,20,barzama01"
"395,Jonas Brodin,31,MIN,D,50,4,16,20,brodijo01"
"396,Sam Carrick,32,NYR,C,80,6,14,20,carrisa01"
"397,Jamie Drysdale,22,PHI,D,70,7,13,20,drysdja01"
"398,Joel Edmundson,31,LAK,D,73,6,14,20,edmunjo01"
"399,Gage Goncalves,24,TBL,C,60,8,12,20,goncaga01"
"400,Blake Lizotte,27,PIT,C,59,11,9,20,lizotbl01"
"401,Brayden McNabb,34,VEG,D,82,5,15,20,mcnabbr01"
"402,Alexander Romanov,25,NYI,D,64,4,16,20,romanal01"
"403,Dylan Samberg,26,WPG,D,60,6,14,20,sambedy01"
"404,Nick Seeler,31,PHI,D,77,3,17,20,seeleni01"
"405,Oskar Sundqvist,30,STL,C,67,6,14,20,sundqos01"
"406,Olen Zellweger,21,ANA,D,62,7,13,20,zellwol01"
"407,Nikolai Kovalenko,25,2TM,RW,57,7,13,20,kovalni01"
"407,Nikolai Kovalenko,25,COL,RW,28,4,4,8,kovalni01"
"407,Nikolai Kovalenko,25,SJS,RW,29,3,9,12,kovalni01"
"408,Nick Bjugstad,32,UTA,C,66,8,11,19,bjugsni01"
"409,Jonny Brodzinski,31,NYR,C,51,12,7,19,brodzjo01"
"410,Michael Carcone,28,UTA,F,53,7,12,19,carcomi01"
"411,Tony DeAngelo,29,NYI,D,35,4,15,19,deangan01"
"412,Dylan DeMelo,31,WPG,D,82,3,16,19,demeldy01"
"413,Josh Doan,22,UTA,RW,51,7,12,19,doanjo01"
"414,Pontus Holmberg,25,TOR,RW,68,7,12,19,holmbpo01"
"415,Boone Jenner,31,CBJ,C,26,7,12,19,jennebo01"
"416,Parker Kelly,25,COL,F,80,8,11,19,kellypa01"
"417,Steven Lorentz,28,TOR,C,80,8,11,19,lorenst01"
"418,Pat Maroon,36,CHI,LW,68,5,14,19,maroopa01"
"419,Emil Martinsen Lilleberg,23,TBL,D,76,1,18,19,martiem01"
"420,Pavel Mintyukov,21,ANA,D,68,5,14,19,mintypa01"
"421,Connor Murphy,31,CHI,D,68,2,17,19,murphco02"
"422,Nicklaus Perbix,26,TBL,D,74,6,13,19,perbini01"
"423,Rasmus Ristolainen,30,PHI,D,63,4,15,19,ristora01"
"424,Nate Schmidt,33,FLA,D,80,5,14,19,schmina01"
"425,Jakob Pelletier,23,2TM,LW,49,7,12,19,pelleja01"
"425,Jakob Pelletier,23,CGY,LW,24,4,7,11,pelleja01"
"425,Jakob Pelletier,23,PHI,LW,25,3,5,8,pelleja01"
"426,Uvis Balinskis,28,FLA,D,76,4,14,18,balinuv01"
"427,Mitchell Chaffee,27,TBL,F,66,12,6,18,chaffmi01"
"428,Jalen Chatfield,28,CAR,D,79,7,11,18,chatfja01"
"429,Lawson Crouse,27,UTA,LW,81,12,6,18,crousla01"
"430,Kaiden Guhle,23,MTL,D,55,6,12,18,guhleka01"
"431,Erik Gustafsson,32,DET,D,60,2,16,18,gustaer02"
"432,Emil Heineman,23,MTL,LW,62,10,8,18,heineem01"
"433,Mattias Janmark,32,EDM,C,80,2,16,18,janmama02"
"434,Luke Kunin,27,2TM,C,75,11,7,18,kuninlu01"
"434,Luke Kunin,27,SJS,C,63,11,7,18,kuninlu01"
"434,Luke Kunin,27,CBJ,C,12,0,0,0,kuninlu01"
"435,Olli Määttä,30,2TM,D,77,2,16,18,maattol01"
"435,Olli Määttä,30,DET,D,7,0,0,0,maattol01"
"435,Olli Määttä,30,UTA,D,70,2,16,18,maattol01"
"436,Matias Maccelli,24,UTA,LW,55,8,10,18,maccema01"
"437,Chris Tanev,35,TOR,D,75,3,15,18,tanevch01"
"438,Alexey Toropchenko,25,STL,RW,80,4,14,18,toropal01"
"439,Craig Smith,35,2TM,C,59,9,9,18,smithcr01"
"439,Craig Smith,35,CHI,C,40,9,7,16,smithcr01"
"439,Craig Smith,35,DET,C,19,0,2,2,smithcr01"
"440,Jack Drury,24,2TM,C,72,8,10,18,druryja01"
"440,Jack Drury,24,CAR,C,39,3,6,9,druryja01"
"440,Jack Drury,24,COL,C,33,5,4,9,druryja01"
"441,Zach Aston-Reese,30,CBJ,C,79,6,11,17,astonza01"
"442,Colin Blackwell,31,DAL,C,63,6,11,17,blackco01"
"443,Casey Cizikas,33,NYI,C,82,7,10,17,cizikca01"
"444,Ian Cole,35,UTA,D,82,1,16,17,coleia01"
"445,Drew Doughty,35,LAK,D,30,4,13,17,doughdr01"
"446,Mario Ferraro,26,SJS,D,78,5,12,17,ferrama01"
"447,A.J. Greer,28,FLA,LW,81,6,11,17,greeraj01"
"448,Cole Koepke,26,BOS,LW,73,10,7,17,koepkco01"
"449,Johnathan Kovacevic,27,NJD,D,81,1,16,17,kovacjo01"
"450,Sean Kuraly,32,CBJ,C,82,6,11,17,kuralse01"
"451,Brett Leason,25,ANA,RW,62,5,12,17,leasobr01"
"452,Timothy Liljegren,25,2TM,D,68,6,11,17,liljeti01"
"452,Timothy Liljegren,25,TOR,D,1,0,0,0,liljeti01"
"452,Timothy Liljegren,25,SJS,D,67,6,11,17,liljeti01"
"453,Jamie Oleksiak,32,SEA,D,82,4,13,17,oleksja01"
"454,Andrew Peeke,26,BOS,D,76,1,16,17,peekean01"
"455,Brett Pesce,30,NJD,D,72,3,14,17,pescebr01"
"456,Fedor Svechkov,21,NSH,C,52,8,9,17,svechfe01"
"457,Tomáš Tatar,34,NJD,LW,74,7,10,17,tatarto01"
"458,Cameron York,24,PHI,D,66,4,13,17,yorkca01"
"459,Joe Veleno,25,2TM,C,74,8,9,17,velenjo01"
"459,Joe Veleno,25,DET,C,56,5,5,10,velenjo01"
"459,Joe Veleno,25,CHI,C,18,3,4,7,velenjo01"
"460,Mark Jankowski,30,2TM,C,60,12,5,17,jankoma01"
"460,Mark Jankowski,30,NSH,C,41,4,5,9,jankoma01"
"460,Mark Jankowski,30,CAR,C,19,8,0,8,jankoma01"
"461,Oskar Back,24,DAL,C,73,4,12,16,backos01"
"462,Nick Blankenburg,26,NSH,D,60,4,12,16,blankni01"
"463,Zach Bogosian,34,MIN,D,81,4,12,16,bogosza01"
"464,Connor Clifton,29,BUF,D,73,1,15,16,cliftco01"
"465,Jason Dickinson,29,CHI,C,59,7,9,16,dickija01"
"466,Brenden Dillon,34,NJD,D,82,2,14,16,dillobr01"
"467,Robby Fabbri,29,ANA,C,44,8,8,16,fabbrro01"
"468,Radko Gudas,34,ANA,D,81,1,15,16,gudasra01"
"469,David Perron,36,OTT,LW,43,9,7,16,perroda01"
"470,Nathan Walker,30,STL,C,73,8,8,16,walkena01"
"471,Sean Walker,30,CAR,D,82,5,11,16,walkese01"
"472,Urho Vaakanainen,26,2TM,D,51,2,14,16,vaakaur01"
"472,Urho Vaakanainen,26,ANA,D,5,0,1,1,vaakaur01"
"472,Urho Vaakanainen,26,NYR,D,46,2,13,15,vaakaur01"
"473,Michael Eyssimont,28,2TM,C,77,9,7,16,eyssimi01"
"473,Michael Eyssimont,28,TBL,C,57,5,5,10,eyssimi01"
"473,Michael Eyssimont,28,SEA,C,20,4,2,6,eyssimi01"
"474,Juuso Pärssinen,23,3TM,C,48,6,10,16,parssju01"
"474,Juuso Pärssinen,23,NSH,C,15,2,3,5,parssju01"
"474,Juuso Pärssinen,23,COL,C,22,2,4,6,parssju01"
"474,Juuso Pärssinen,23,NYR,C,11,2,3,5,parssju01"
"475,Morgan Barron,26,WPG,C,74,8,7,15,barromo01"
"476,Yegor Chinakhov,23,CBJ,RW,30,7,8,15,chinaye01"
"477,Nick Cousins,31,OTT,C,50,6,9,15,cousini01"
"478,Pierre Engvall,28,NYI,LW,62,8,7,15,engvapi01"
"479,Radek Faksa,31,STL,C,70,5,10,15,faksara01"
"480,Trent Frederic,26,2TM,C,58,8,7,15,fredetr01"
"480,Trent Frederic,26,BOS,C,57,8,7,15,fredetr01"
"480,Trent Frederic,26,EDM,C,1,0,0,0,fredetr01"
"481,Zachary L'Heureux,21,NSH,LW,62,5,10,15,lheurza01"
"482,Isac Lundeström,25,ANA,C,79,4,11,15,lundeis01"
"483,Sam Malinski,26,COL,D,76,5,10,15,malinsa01"
"484,Josh Manson,33,COL,D,48,1,14,15,mansojo01"
"485,Colin Miller,32,WPG,D,60,4,11,15,milleco02"
"486,David Savard,34,MTL,D,75,1,14,15,savarda01"
"487,Ryan Suter,40,STL,D,82,2,13,15,suterry01"
"488,Yakov Trenin,28,MIN,C,76,7,8,15,treniya01"
"489,Egor Zamula,24,PHI,D,63,3,12,15,zamulye01"
"490,William Borgen,28,2TM,D,84,5,10,15,borgewi01"
"490,William Borgen,28,SEA,D,33,1,1,2,borgewi01"
"490,William Borgen,28,NYR,D,51,4,9,13,borgewi01"
"491,Conor Timmins,26,2TM,D,68,3,12,15,timmico01"
"491,Conor Timmins,26,TOR,D,51,2,6,8,timmico01"
"491,Conor Timmins,26,PIT,D,17,1,6,7,timmico01"
"492,Conor Geekie,20,TBL,C,52,8,6,14,geekico01"
"493,Mathieu Joseph,27,STL,RW,60,4,10,14,josepma01"
"494,Dakota Joshua,28,VAN,C,57,7,7,14,joshuda01"
"495,Mark Kastelic,25,BOS,C,61,5,9,14,kastema01"
"496,Philipp Kurashev,25,CHI,C,51,7,7,14,kurasph01"
"497,Ilya Lyubushkin,30,DAL,D,80,1,13,14,lyubuil01"
"498,John Marino,27,UTA,D,35,1,13,14,marinjo01"
"499,Michael McCarron,29,NSH,RW,74,5,9,14,mccarmi01"
"500,J.J. Moser,24,TBL,D,54,2,12,14,moserja01"
"501,Mattias Samuelsson,24,BUF,D,62,4,10,14,samuema02"
"502,Logan Stanley,26,WPG,D,63,1,13,14,stanllo01"
"503,Kasperi Kapanen,28,2TM,RW,67,6,8,14,kapanka01"
"503,Kasperi Kapanen,28,STL,RW,10,1,0,1,kapanka01"
"503,Kasperi Kapanen,28,EDM,RW,57,5,8,13,kapanka01"
"504,Nico Sturm,29,2TM,C,62,7,7,14,sturmni01"
"504,Nico Sturm,29,SJS,C,47,7,6,13,sturmni01"
"504,Nico Sturm,29,FLA,C,15,0,1,1,sturmni01"
"505,Jakub Vrána,28,2TM,LW,39,9,5,14,vranaja01"
"505,Jakub Vrána,28,WSH,LW,26,7,4,11,vranaja01"
"505,Jakub Vrána,28,NSH,LW,13,2,1,3,vranaja01"
"506,Adam Boqvist,24,2TM,D,35,4,10,14,boqviad01"
"506,Adam Boqvist,24,FLA,D,18,2,4,6,boqviad01"
"506,Adam Boqvist,24,NYI,D,17,2,6,8,boqviad01"
"507,Jacob Trouba,30,2TM,D,77,1,13,14,troubja01"
"507,Jacob Trouba,30,NYR,D,24,0,6,6,troubja01"
"507,Jacob Trouba,30,ANA,D,53,1,7,8,troubja01"
"508,Ben Chiarot,33,DET,D,81,4,9,13,chiarbe01"
"509,Ty Emberson,24,EDM,D,76,2,11,13,emberty01"
"510,Drew Helleson,23,ANA,D,56,4,9,13,helledr01"
"511,Tanner Jeannot,27,LAK,F,67,7,6,13,jeannta01"
"512,David Kämpf,30,TOR,C,59,5,8,13,kampfda01"
"513,Tye Kartye,23,SEA,F,63,6,7,13,kartyty01"
"514,Dmitry Kulikov,34,FLA,D,70,4,9,13,kulikdm01"
"515,Ryan Lomberg,30,CGY,LW,80,3,10,13,lombery01"
"516,Denton Mateychuk,20,CBJ,D,45,4,9,13,mateyde01"
"517,Max Pacioretty,36,TOR,LW,37,5,8,13,pacioma01"
"518,Jayden Struble,23,MTL,D,56,2,11,13,strubja01"
"519,Zach Whitecloud,28,VEG,D,74,4,9,13,whiteza01"
"520,Artem Zub,29,OTT,D,56,2,11,13,zubar01"
"521,Justin Barron,23,2TM,D,62,6,7,13,barroju01"
"521,Justin Barron,23,MTL,D,17,1,0,1,barroju01"
"521,Justin Barron,23,NSH,D,45,5,7,12,barroju01"
"522,Carson Soucy,30,2TM,D,75,4,9,13,soucyca01"
"522,Carson Soucy,30,VAN,D,59,3,7,10,soucyca01"
"522,Carson Soucy,30,NYR,D,16,1,2,3,soucyca01"
"523,Noel Acciari,33,PIT,C,79,5,7,12,acciano01"
"524,Declan Chisholm,25,MIN,D,66,2,10,12,chishde01"
"525,Sam Colangelo,23,ANA,RW,32,10,2,12,colansa01"
"526,Nicolas Hague,26,VEG,D,68,5,7,12,hagueni01"
"527,Alexander Holtz,23,VEG,RW,53,4,8,12,holtzal01"
"528,Kevin Labanc,29,CBJ,RW,34,2,10,12,labanke01"
"529,Trevor Lewis,38,LAK,C,60,6,6,12,lewistr01"
"530,Alec Martinez,37,CHI,D,44,5,7,12,martial01"
"531,Brayden Pachal,25,CGY,D,76,3,9,12,pachabr01"
"532,Cole Smith,29,NSH,F,71,4,8,12,smithco02"
"533,Henry Thrun,23,SJS,D,60,2,10,12,thrunhe01"
"534,Brandon Carlo,28,2TM,D,83,1,11,12,carlobr01"
"534,Brandon Carlo,28,BOS,D,63,1,8,9,carlobr01"
"534,Brandon Carlo,28,TOR,D,20,0,3,3,carlobr01"
"535,Marat Khusnutdinov,22,2TM,C,75,5,7,12,khusnma01"
"535,Marat Khusnutdinov,22,MIN,C,57,2,5,7,khusnma01"
"535,Marat Khusnutdinov,22,BOS,C,18,3,2,5,khusnma01"
"536,John Beecher,23,BOS,C,78,3,8,11,beechjo01"
"537,William Carrier,30,CAR,LW,43,4,7,11,carriwi01"
"538,Anthony Duclair,29,NYI,LW,44,7,4,11,duclaan01"
"539,Sean Durzi,26,UTA,D,30,4,7,11,durzise01"
"540,Derek Forbort,32,VAN,D,54,2,9,11,forbode01"
"541,Collin Graf,22,SJS,F,33,5,6,11,grafco01"
"542,Zachary Jones,24,NYR,D,46,1,10,11,jonesza01"
"543,Kyle MacLean,25,NYI,F,81,4,7,11,macleky01"
"544,Matthew Poitras,20,BOS,C,33,1,10,11,poitrma01"
"545,Aatu Räty,22,VAN,C,33,7,4,11,ratyaa01"
"546,Elmer Söderblom,23,DET,RW,26,4,7,11,soderel01"
"547,Alexandre Texier,25,STL,C,31,6,5,11,texieal01"
"548,Jakub Lauko,24,2TM,C,56,5,6,11,laukoja01"
"548,Jakub Lauko,24,MIN,C,38,3,3,6,laukoja01"
"548,Jakub Lauko,24,BOS,C,18,2,3,5,laukoja01"
"549,Nathan Bastian,27,NJD,RW,59,4,6,10,bastina01"
"550,Simon Benoit,26,TOR,D,78,1,9,10,benoisi01"
"551,Brett Berard,22,NYR,LW,35,6,4,10,berarbr02"
"552,T.J. Brodie,34,CHI,D,54,2,8,10,broditj01"
"553,Dennis Cholowski,26,2TM,D,39,3,7,10,cholode01"
"553,Dennis Cholowski,26,NYI,D,33,3,7,10,cholode01"
"553,Dennis Cholowski,26,NJD,D,6,0,0,0,cholode01"
"554,Mathew Dumba,30,DAL,D,63,1,9,10,dumbama01"
"555,Adam Klapka,24,CGY,F,31,6,4,10,klapkad01"
"556,Tyler Kleven,23,OTT,D,79,4,6,10,klevety01"
"557,Kaedan Korczak,24,VEG,D,40,0,10,10,korczka01"
"558,Beck Malenstyn,26,BUF,LW,76,4,6,10,malenbe01"
"559,Kevin Rooney,31,CGY,C,70,5,5,10,rooneke01"
"560,Jack Thompson,22,SJS,D,31,4,6,10,thompja01"
"561,Jesse Puljujärvi,26,2TM,RW,31,4,6,10,puljuje01"
"561,Jesse Puljujärvi,26,PIT,RW,26,3,6,9,puljuje01"
"561,Jesse Puljujärvi,26,FLA,RW,5,1,0,1,puljuje01"
"562,Vinnie Hinostroza,30,2TM,C,38,5,5,10,hinosvi01"
"562,Vinnie Hinostroza,30,NSH,C,13,0,2,2,hinosvi01"
"562,Vinnie Hinostroza,30,MIN,C,25,5,3,8,hinosvi01"
"563,Connor Dewar,25,2TM,C,48,4,6,10,dewarco01"
"563,Connor Dewar,25,TOR,C,31,0,3,3,dewarco01"
"563,Connor Dewar,25,PIT,C,17,4,3,7,dewarco01"
"564,Henri Jokiharju,25,2TM,D,60,3,7,10,jokihhe01"
"564,Henri Jokiharju,25,BUF,D,42,3,3,6,jokihhe01"
"564,Henri Jokiharju,25,BOS,D,18,0,4,4,jokihhe01"
"565,Jordan Oesterle,32,2TM,D,37,4,6,10,oestejo01"
"565,Jordan Oesterle,32,BOS,D,22,1,5,6,oestejo01"
"565,Jordan Oesterle,32,NSH,D,15,3,1,4,oestejo01"
"566,Cam Atkinson,35,TBL,RW,39,4,5,9,atkinca01"
"567,Lian Bichsel,20,DAL,D,38,4,5,9,bichsli01"
"568,Marc Del Gaizo,25,NSH,D,46,2,7,9,delgama01"
"569,Adam Edstrom,24,NYR,C,51,5,4,9,edstrad01"
"570,Marc Gatcomb,25,NYI,F,39,8,1,9,gatcoma01"
"571,Carl Grundström,27,SJS,RW,56,3,6,9,grundca01"
"572,Joel Hanley,33,CGY,D,53,2,7,9,hanlejo01"
"573,Albert Johansson,24,DET,D,61,3,6,9,johanal01"
"574,Tyson Jost,26,CAR,C,39,4,5,9,jostty01"
"575,Josh Mahura,26,SEA,D,64,0,9,9,mahurjo01"
"576,Scott Mayfield,32,NYI,D,66,3,6,9,mayfisc01"
"577,Daniil Miromanov,27,CGY,D,44,2,7,9,miromda01"
"578,Tyler Motte,29,DET,C,55,4,5,9,mottety01"
"579,Shakir Mukhamadullin,23,SJS,D,30,2,7,9,mukhash01"
"580,Tomáš Nosek,32,FLA,C,59,1,8,9,nosekto01"
"581,Jan Rutta,34,SJS,D,54,3,6,9,ruttaja02"
"582,Jonas Siegenthaler,27,NJD,D,55,2,7,9,siegejo01"
"583,Scott Perunovich,26,2TM,D,35,2,7,9,perunsc01"
"583,Scott Perunovich,26,STL,D,24,2,4,6,perunsc01"
"583,Scott Perunovich,26,NYI,D,11,0,3,3,perunsc01"
"584,Nolan Allan,21,CHI,D,43,1,7,8,allanno01"
"585,Erik Brännström,25,VAN,D,28,3,5,8,branner01"
"586,Seamus Casey,21,NJD,D,14,4,4,8,caseyse01"
"587,Jake Christiansen,25,CBJ,D,68,1,7,8,chrisja01"
"588,Luca Del Bel Belluz,21,CBJ,C,15,2,6,8,delbelu01"
"589,Ty Dellandrea,24,SJS,C,68,1,7,8,dellaty01"
"590,Barclay Goodrow,31,SJS,RW,77,5,3,8,goodrba01"
"591,Jordan Greenway,27,BUF,LW,34,3,5,8,greenjo02"
"592,Justin Holl,33,DET,D,73,2,6,8,hollju01"
"593,Ivan Ivan,22,COL,F,40,5,3,8,ivaniv01"
"594,Wyatt Kaiser,22,CHI,D,57,4,4,8,kaisewy01"
"595,Justin Kirkland,28,CGY,LW,21,2,6,8,kirklju01"
"596,Rasmus Kupari,24,WPG,C,59,5,3,8,kuparra01"
"597,Hendrix Lapierre,22,WSH,C,27,0,8,8,lapiehe01"
"598,Brock McGinn,30,ANA,LW,26,4,4,8,mcginbr01"
"599,Jacob Moverare,26,LAK,D,49,1,7,8,moverja01"
"600,Jeff Petry,37,DET,D,44,1,7,8,petryje01"
"601,Matt Rempe,22,NYR,C,42,3,5,8,rempema01"
"602,Cole Schwindt,23,VEG,RW,42,1,7,8,schwico01"
"603,Miles Wood,29,COL,LW,37,4,4,8,woodmi01"
"604,Calvin de Haan,33,2TM,D,47,0,8,8,dehaaca01"
"604,Calvin de Haan,33,COL,D,44,0,7,7,dehaaca01"
"604,Calvin de Haan,33,NYR,D,3,0,1,1,dehaaca01"
"605,Jimmy Vesey,31,2TM,LW,43,5,3,8,veseyji02"
"605,Jimmy Vesey,31,NYR,LW,33,4,2,6,veseyji02"
"605,Jimmy Vesey,31,COL,LW,10,1,1,2,veseyji02"
"606,Victor Mancini,22,2TM,D,31,2,6,8,mancivi01"
"606,Victor Mancini,22,NYR,D,15,1,4,5,mancivi01"
"606,Victor Mancini,22,VAN,D,16,1,2,3,mancivi01"
"607,Jacob Bernard-Docker,24,2TM,D,40,2,6,8,bernaja01"
"607,Jacob Bernard-Docker,24,OTT,D,25,1,3,4,bernaja01"
"607,Jacob Bernard-Docker,24,BUF,D,15,1,3,4,bernaja01"
"608,Emil Andrae,22,PHI,D,42,1,6,7,andraem01"
"609,Jake Bean,26,CGY,D,64,2,5,7,beanja01"
"610,Jacob Bryson,27,BUF,D,48,0,7,7,brysoja01"
"611,Colton Dach,22,CHI,C,25,2,5,7,dachco01"
"612,Justin Dowling,34,NJD,C,52,2,5,7,dowliju01"
"613,Christian Fischer,27,2TM,RW,46,1,6,7,fischch01"
"613,Christian Fischer,27,DET,RW,45,1,6,7,fischch01"
"613,Christian Fischer,27,CBJ,RW,1,0,0,0,fischch01"
"614,Haydn Fleury,28,WPG,D,39,0,7,7,fleurha01"
"615,Ethen Frank,26,WSH,F,24,4,3,7,franket01"
"616,Luke Glendening,35,TBL,C,77,4,3,7,glendlu01"
"617,Travis Hamonic,34,OTT,D,59,1,6,7,hamontr01"
"618,Samuel Helenius,22,LAK,C,50,4,3,7,helensa02"
"619,Calle Järnkrok,33,TOR,C,19,1,6,7,jarnkca01"
"620,Ville Koivunen,21,PIT,RW,8,0,7,7,koivuvi01"
"621,Klim Kostin,25,SJS,C,35,1,6,7,kostikl01"
"622,Sam Lafferty,29,BUF,C,60,4,3,7,laffesa01"
"623,Hampus Lindholm,31,BOS,D,17,3,4,7,lindhha01"
"624,Anthony Mantha,30,CGY,RW,13,4,3,7,manthan01"
"625,Mikael Pyyhtia,23,CBJ,LW,47,4,3,7,pyyhtmi01"
"626,Max Sasson,24,VAN,F,29,3,4,7,sassoma01"
"627,Troy Stecher,30,EDM,D,66,3,4,7,stechtr01"
"628,Tyler Tucker,24,STL,D,38,3,4,7,tuckety01"
"629,Parker Wotherspoon,27,BOS,D,55,1,6,7,wothepa01"
"630,Noah Gregor,26,2TM,C,52,4,3,7,gregono01"
"630,Noah Gregor,26,OTT,C,40,4,2,6,gregono01"
"630,Noah Gregor,26,SJS,C,12,0,1,1,gregono01"
"631,Vladislav Kolyachonok,23,2TM,D,35,2,5,7,kolyavl01"
"631,Vladislav Kolyachonok,23,UTA,D,23,2,3,5,kolyavl01"
"631,Vladislav Kolyachonok,23,PIT,D,12,0,2,2,kolyavl01"
"632,Luke Schenn,35,2TM,D,76,1,6,7,schenlu01"
"632,Luke Schenn,35,NSH,D,61,1,4,5,schenlu01"
"632,Luke Schenn,35,WPG,D,15,0,2,2,schenlu01"
"633,Daniel Sprong,27,3TM,RW,30,2,5,7,spronda01"
"633,Daniel Sprong,27,VAN,RW,9,1,2,3,spronda01"
"633,Daniel Sprong,27,SEA,RW,10,1,1,2,spronda01"
"633,Daniel Sprong,27,NJD,RW,11,0,2,2,spronda01"
"634,Nils Åman,24,VAN,C,19,1,5,6,amanni01"
"635,Ethan Del Mastro,22,CHI,D,24,2,4,6,delmaet01"
"636,Nick DeSimone,30,UTA,D,20,1,5,6,desimni01"
"637,Phillip Di Giuseppe,31,VAN,LW,20,1,5,6,digiuph01"
"638,Zemgus Girgensons,31,TBL,C,82,2,4,6,girgeze01"
"639,David Gustafsson,24,WPG,C,36,2,4,6,gustada01"
"640,Jansen Harkins,27,ANA,C,62,2,4,6,harkija01"
"641,Matthew Highmore,28,OTT,LW,41,2,4,6,highmma01"
"642,Jack Johnson,38,CBJ,D,41,0,6,6,johnsja02"
"643,Linus Karlsson,25,VAN,C,23,3,3,6,karlsli01"
"644,Jonathan Lekkerimaki,20,VAN,RW,24,3,3,6,lekkejo01"
"645,Artyom Levshunov,19,CHI,D,18,0,6,6,levshar01"
"646,Jonathon Merrill,32,MIN,D,70,2,4,6,merrijo01"
"647,Scott Morrow,22,CAR,D,14,1,5,6,morrosc02"
"648,Nikita Nesterenko,23,ANA,C,20,4,2,6,nesteni02"
"649,Jani Nyman,20,SEA,RW,12,3,3,6,nymanja01"
"650,Anthony Richard,28,PHI,C,15,2,4,6,richaan01"
"651,Derek Ryan,38,EDM,C,36,1,5,6,ryande01"
"652,Landon Slaggert,22,CHI,LW,33,2,4,6,slaggla01"
"653,Brendan Smith,35,DAL,D,32,1,5,6,smithbr05"
"654,Arber Xhekaj,24,MTL,D,70,1,5,6,xhekaar01"
"655,Dennis Gilbert,28,2TM,D,29,0,6,6,gilbede01"
"655,Dennis Gilbert,28,BUF,D,25,0,5,5,gilbede01"
"655,Dennis Gilbert,28,OTT,D,4,0,1,1,gilbede01"
"656,Oliver Wahlstrom,24,2TM,RW,43,3,3,6,wahlsol01"
"656,Oliver Wahlstrom,24,NYI,RW,27,2,2,4,wahlsol01"
"656,Oliver Wahlstrom,24,BOS,RW,16,1,1,2,wahlsol01"
"657,Rodrigo Abols,29,PHI,C,22,2,3,5,abolsro01"
"658,Isaiah George,20,NYI,D,33,1,4,5,georgis01"
"659,Jordan Harris,24,CBJ,D,33,1,4,5,harrijo01"
"660,Tyson Kozak,22,BUF,C,21,3,2,5,kozakty01"
"661,Curtis Lazar,29,NJD,C,48,2,3,5,lazarcu01"
"662,Nick Leddy,33,STL,D,31,2,3,5,leddyni01"
"663,Vinni Lettieri,29,BOS,C,26,3,2,5,lettivi01"
"664,Nils Lundkvist,24,DAL,D,39,0,5,5,lundkni01"
"665,Olle Lycksell,25,PHI,RW,19,0,5,5,lycksol01"
"666,Philippe Myers,28,TOR,D,36,2,3,5,myersph01"
"667,Liam Ohgren,21,MIN,LW,24,2,3,5,ohgreli01"
"668,Sam Rinzel,20,CHI,D,9,0,5,5,rinzesa01"
"669,Ryan Shea,27,PIT,D,39,2,3,5,sheary01"
"670,Devin Shore,30,MIN,C,55,1,4,5,shorede01"
"671,Juuso Välimäki,26,UTA,D,43,2,3,5,valimju01"
"672,Adam Wilsby,24,NSH,D,23,1,4,5,wilsbad01"
"673,Oliver Kylington,27,2TM,D,19,1,4,5,kylinol01"
"673,Oliver Kylington,27,COL,D,13,1,3,4,kylinol01"
"673,Oliver Kylington,27,ANA,D,6,0,1,1,kylinol01"
"674,Fraser Minten,20,2TM,C,21,3,2,5,mintefr01"
"674,Fraser Minten,20,TOR,C,15,2,2,4,mintefr01"
"674,Fraser Minten,20,BOS,C,6,1,0,1,mintefr01"
"675,Erik Johnson,36,2TM,D,36,2,3,5,johnser01"
"675,Erik Johnson,36,PHI,D,22,1,2,3,johnser01"
"675,Erik Johnson,36,COL,D,14,1,1,2,johnser01"
"676,Kieffer Bellows,26,NSH,LW,19,2,2,4,belloki01"
"677,Lucas Carlsson,27,SJS,D,13,1,3,4,carlslu01"
"678,Louis Crevier,23,CHI,D,32,3,1,4,crevilo01"
"679,Hudson Fasching,29,NYI,RW,43,2,2,4,faschhu01"
"680,Jonah Gadjovich,26,FLA,LW,42,4,0,4,gadjojo01"
"681,Ryan Graves,29,PIT,D,61,1,3,4,gravery01"
"682,Erik Gudbranson,33,CBJ,D,16,0,4,4,gudbrer01"
"683,Juha Jaaska,26,CAR,F,18,0,4,4,jaaskju01"
"684,Ross Johnston,30,ANA,LW,43,1,3,4,johnsro02"
"685,Arthur Kaliyev,23,NYR,RW,14,3,1,4,kaliyar01"
"686,Rory Kerins,22,CGY,C,5,0,4,4,kerinro01"
"687,John Klingberg,32,EDM,D,11,1,3,4,klingjo01"
"688,Logan Mailloux,21,MTL,D,7,2,2,4,mailllo01"
"689,Nikolas Matinpalo,26,OTT,D,41,1,3,4,matinni01"
"690,Ivan Miroshnichenko,20,WSH,LW,18,1,3,4,mirosiv01"
"691,Oliver Moore,20,CHI,C,9,0,4,4,mooreol01"
"692,Simon Nemec,20,NJD,D,27,2,2,4,nemecsi01"
"693,Zack Ostapchuk,21,2TM,C,56,1,3,4,ostapza01"
"693,Zack Ostapchuk,21,OTT,C,43,1,3,4,ostapza01"
"693,Zack Ostapchuk,21,SJS,C,13,0,0,0,ostapza01"
"694,Jimmy Snuggerud,20,STL,RW,7,1,3,4,snuggji01"
"695,Tyson Barrie,33,CGY,D,13,1,2,3,barrity01"
"696,Kyle Burroughs,29,LAK,D,33,0,3,3,burroky01"
"697,Nikita Chibrikov,21,WPG,RW,4,2,1,3,chibrni01"
"698,Vincent Desharnais,28,3TM,D,51,0,3,3,deshavi01"
"698,Vincent Desharnais,28,VAN,D,34,0,3,3,deshavi01"
"698,Vincent Desharnais,28,PIT,D,10,0,0,0,deshavi01"
"698,Vincent Desharnais,28,SJS,D,7,0,0,0,deshavi01"
"699,Nicolas Deslauriers,33,PHI,LW,31,2,1,3,deslani01"
"700,Dryden Hunt,29,CGY,LW,5,0,3,3,huntdr01"
"701,Matthew Kessel,24,STL,D,29,0,3,3,kessema01"
"702,Pyotr Kochetkov,25,CAR,G,47,0,3,3,kochepy01"
"703,Maveric Lamoureux,21,UTA,D,15,1,2,3,lamouma01"
"704,Andre Lee,24,LAK,LW,19,1,2,3,leean02"
"705,Cameron Lund,20,SJS,C,11,2,1,3,lundca01"
"706,Fabian Lysell,22,BOS,RW,12,1,2,3,lyselfa01"
"707,Zack MacEwen,28,OTT,C,21,2,1,3,macewza01"
"708,Rutger McGroarty,20,PIT,RW,8,1,2,3,mcgroru01"
"709,Alex Nedeljkovic,29,PIT,G,38,1,2,3,nedelal01"
"710,Matthew Nieto,32,PIT,LW,32,1,2,3,nietoma01"
"711,Elias Pettersson,20,VAN,D,28,1,2,3,petteel02"
"712,Owen Pickering,21,PIT,D,25,1,2,3,pickeow01"
"713,Valtteri Puustinen,25,PIT,RW,13,2,1,3,puustva01"
"714,Ilya Sorokin,29,NYI,G,61,1,2,3,sorokil01"
"715,Spencer Stastney,25,NSH,D,23,0,3,3,stastsp01"
"716,Mitchell Stephens,27,SEA,C,28,1,2,3,stephmi01"
"717,Akil Thomas,25,LAK,C,25,1,2,3,thomaak01"
"718,Marc-Édouard Vlasic,37,SJS,D,27,1,2,3,vlasima01"
"719,Austin Watson,33,DET,LW,13,3,0,3,watsoau01"
"720,Dustin Wolf,23,CGY,G,53,0,3,3,wolfdu01"
"721,Kailer Yamamoto,26,UTA,RW,12,2,1,3,yamamka01"
"722,Walker Duehr,27,2TM,F,24,2,1,3,duehrwa01"
"722,Walker Duehr,27,CGY,F,16,0,1,1,duehrwa01"
"722,Walker Duehr,27,SJS,F,8,2,0,2,duehrwa01"
"723,Andreas Englund,29,2TM,D,35,1,2,3,engluan01"
"723,Andreas Englund,29,LAK,D,11,1,0,1,engluan01"
"723,Andreas Englund,29,NSH,D,24,0,2,2,engluan01"
"724,David Jiříček,21,2TM,D,12,1,2,3,jiricda01"
"724,David Jiříček,21,CBJ,D,6,0,1,1,jiricda01"
"724,David Jiříček,21,MIN,D,6,1,1,2,jiricda01"
"725,Pierre-Olivier Joseph,25,2TM,D,47,0,3,3,joseppi01"
"725,Pierre-Olivier Joseph,25,STL,D,23,0,2,2,joseppi01"
"725,Pierre-Olivier Joseph,25,PIT,D,24,0,1,1,joseppi01"
"726,Marc McLaughlin,25,2TM,F,14,2,1,3,mclauma01"
"726,Marc McLaughlin,25,BOS,F,12,2,0,2,mclauma01"
"726,Marc McLaughlin,25,NJD,F,2,0,1,1,mclauma01"
"727,Nicolas Aubé-Kubel,28,2TM,RW,22,1,1,2,aubekni01"
"727,Nicolas Aubé-Kubel,28,BUF,RW,19,1,1,2,aubekni01"
"727,Nicolas Aubé-Kubel,28,NYR,RW,3,0,0,0,aubekni01"
"728,Robert Bortuzzo,35,UTA,D,17,0,2,2,borturo01"
"729,Luca Cagnoni,20,SJS,D,6,0,2,2,cagnolu01"
"730,Joey Daccord,28,SEA,G,57,0,2,2,daccojo01"
"731,Ivan Demidov,19,MTL,RW,2,1,1,2,demidiv01"
"732,Filip Gustavsson,26,MIN,G,58,1,1,2,gustafi01"
"733,John Hayden,29,SEA,C,20,1,1,2,haydejo01"
"734,Ben Hutton,31,VEG,D,11,0,2,2,huttobe01"
"735,Grant Hutton,29,NYI,D,13,0,2,2,huttogr01"
"736,Connor Ingram,27,UTA,G,22,0,2,2,ingraco01"
"737,Tyler Johnson,34,BOS,C,9,0,2,2,johnsty01"
"738,Max Jones,26,2TM,LW,26,1,1,2,jonesma03"
"738,Max Jones,26,BOS,LW,7,0,0,0,jonesma03"
"738,Max Jones,26,EDM,LW,19,1,1,2,jonesma03"
"739,Oliver Kapanen,21,MTL,C,18,0,2,2,kapanol01"
"740,Spencer Knight,23,2TM,G,38,0,2,2,knighsp01"
"740,Spencer Knight,23,FLA,G,23,0,2,2,knighsp01"
"740,Spencer Knight,23,CHI,G,15,0,0,0,knighsp01"
"741,Kevin Korchinski,20,CHI,D,16,1,1,2,korchke01"
"742,John Ludvig,24,COL,D,8,0,2,2,ludvijo01"
"743,Matt Martin,35,NYI,LW,32,0,2,2,martima02"
"744,Dylan McIlrath,32,WSH,D,17,0,2,2,mcilrdy01"
"745,Keaton Middleton,26,COL,D,41,0,2,2,middlke01"
"746,Liam O'Brien,30,UTA,C,28,0,2,2,obrieli01"
"747,Brennan Othmann,22,NYR,LW,22,0,2,2,othmabr01"
"748,Noah Philp,26,EDM,F,15,0,2,2,philpno01"
"749,Ryan Reaves,38,TOR,RW,35,0,2,2,reavery01"
"750,Mike Reilly,31,NYI,D,18,0,2,2,reillmi01"
"751,Cole Reinhardt,24,OTT,LW,17,1,1,2,reinhco01"
"752,Justin Robidas,21,CAR,C,2,1,1,2,robidju01"
"753,Joshua Roy,21,MTL,RW,12,2,0,2,royjo01"
"754,Michael Sgarbossa,32,WSH,C,3,1,1,2,sgarbmi01"
"755,Ty Smith,24,CAR,D,8,1,1,2,smithty01"
"756,Alex Steeves,25,TOR,F,7,1,1,2,steeval02"
"757,Linus Ullmark,31,OTT,G,44,0,2,2,ullmali01"
"758,Andrei Vasilevskiy,30,TBL,G,63,0,2,2,vasilan02"
"759,Wyatt Aamodt,27,COL,D,2,1,0,1,aamodwy01"
"760,Frederik Andersen,35,CAR,G,22,0,1,1,anderfr01"
"761,Joey Anderson,26,CHI,RW,18,0,1,1,anderjo08"
"762,Jaret Anderson-Dolan,25,WPG,C,7,0,1,1,anderja01"
"763,Yaroslav Askarov,22,SJS,G,13,0,1,1,askarya01"
"764,Andreas Athanasiou,30,CHI,C,8,1,0,1,athanan01"
"765,Arshdeep Bains,24,VAN,F,13,1,0,1,bainsar01"
"766,Owen Beck,20,MTL,C,12,0,1,1,beckow01"
"767,Emil Bemström,25,PIT,C,14,0,1,1,bemstem01"
"768,Clark Bishop,28,CGY,C,6,1,0,1,bishocl01"
"769,Mackenzie Blackwood,28,2TM,G,56,0,1,1,blackma01"
"769,Mackenzie Blackwood,28,SJS,G,19,0,0,0,blackma01"
"769,Mackenzie Blackwood,28,COL,G,37,0,1,1,blackma01"
"770,Matěj Blümel,24,DAL,RW,7,1,0,1,blumema01"
"771,Sergei Bobrovsky,36,FLA,G,54,0,1,1,bobrose01"
"772,Skyler Brind'Amour,25,CAR,C,2,1,0,1,brindsk01"
"773,Josh Brown,31,EDM,D,10,0,1,1,brownjo01"
"774,Patrick Brown,32,BOS,C,15,0,1,1,brownpa02"
"775,Callahan Burke,27,VEG,C,7,1,0,1,burkeca01"
"776,Drake Caggiula,30,EDM,LW,7,0,1,1,caggidr01"
"777,Michael Callahan,25,BOS,D,17,1,0,1,callami02"
"778,Ethan Cardwell,22,SJS,RW,6,1,0,1,cardwet01"
"779,Declan Carlile,24,TBL,D,3,1,0,1,carlide01"
"780,Lucas Condotta,27,MTL,F,7,1,0,1,condolu01"
"781,Angus Crookshank,25,OTT,LW,8,0,1,1,crookan01"
"782,Casey DeSmith,33,DAL,G,27,0,1,1,desmica01"
"783,Dylan Duke,21,TBL,LW,2,1,0,1,dukedy01"
"784,John Farinacci,23,BOS,C,1,1,0,1,farinjo01"
"785,Cale Fleury,26,SEA,D,14,0,1,1,fleurca01"
"786,Nolan Foote,24,NJD,LW,7,0,1,1,footeno01"
"787,Parker Ford,24,WPG,F,3,1,0,1,fordpa01"
"788,Brendan Gaunce,30,MIN,C,12,0,1,1,gauncbr01"
"789,Alexandar Georgiev,28,2TM,G,49,0,1,1,georgal01"
"789,Alexandar Georgiev,28,COL,G,18,0,1,1,georgal01"
"789,Alexandar Georgiev,28,SJS,G,31,0,0,0,georgal01"
"790,John Gibson,31,ANA,G,29,0,1,1,gibsojo02"
"791,Patrick Giles,25,2TM,F,17,1,0,1,gilespa01"
"791,Patrick Giles,25,FLA,F,9,0,0,0,gilespa01"
"791,Patrick Giles,25,SJS,F,8,1,0,1,gilespa01"
"792,Helge Grans,22,PHI,D,6,0,1,1,granshe01"
"793,Kevin Gravel,32,NSH,D,6,0,1,1,graveke01"
"794,Daniil Gushchin,22,SJS,LW,12,0,1,1,gushcda01"
"795,Mike Hardman,25,NJD,RW,2,0,1,1,hardmmi01"
"796,Ville Heinola,23,WPG,D,18,0,1,1,heinovi01"
"797,Connor Hellebuyck,31,WPG,G,63,0,1,1,helleco01"
"798,Joel Hofer,24,STL,G,31,0,1,1,hoferjo01"
"799,Justin Hryckowian,23,DAL,F,5,0,1,1,hryckju01"
"800,Arttu Hyry,23,DAL,F,5,0,1,1,hyryar01"
"801,Bokondji Imama,28,PIT,LW,16,1,0,1,imamabo01"
"802,Tristan Jarry,29,PIT,G,36,0,1,1,jarrytr01"
"803,Matt Kiersted,26,FLA,D,2,0,1,1,kiersma01"
"804,Joona Koppanen,26,PIT,LW,11,1,0,1,koppajo01"
"805,Darcy Kuemper,34,LAK,G,50,0,1,1,kuempda01"
"806,Joseph LaBate,31,CBJ,C,6,0,1,1,labatjo01"
"807,Tanner Laczynski,27,VEG,C,8,1,0,1,laczyta01"
"808,William Lagesson,28,DET,D,7,0,1,1,lageswi01"
"809,Brad Lambert,21,WPG,C,5,0,1,1,lambebr01"
"810,Kevin Lankinen,29,VAN,G,51,0,1,1,lankike01"
"811,Jeremy Lauzon,27,NSH,D,28,0,1,1,lauzoje01"
"812,Ryan Leonard,20,WSH,RW,9,1,0,1,leonary01"
"813,Ukko-Pekka Luukkonen,25,BUF,G,55,0,1,1,luukkuk01"
"814,Jeff Malott,28,LAK,F,12,0,1,1,malotje01"
"815,Georgii Merkulov,24,BOS,F,6,0,1,1,merkuge01"
"816,Dakota Mermis,31,2TM,D,4,0,1,1,mermida01"
"816,Dakota Mermis,31,UTA,D,1,0,0,0,mermida01"
"816,Dakota Mermis,31,TOR,D,3,0,1,1,mermida01"
"817,Elvis Merzļikins,30,CBJ,G,53,0,1,1,merzlel01"
"818,Ian Mitchell,26,BOS,D,15,0,1,1,mitchia01"
"819,Sam Montembeault,28,MTL,G,62,0,1,1,montesa01"
"820,Ian Moore,23,ANA,D,3,0,1,1,mooreia01"
"821,Sam Morton,,CGY,F,1,1,0,1,mortosa01"
"822,Bradly Nadeau,19,CAR,LW,2,0,1,1,nadeabr01"
"823,Jake Oettinger,26,DAL,G,58,0,1,1,oettija01"
"824,Ville Ottavainen,22,SEA,D,1,0,1,1,ottavvi01"
"825,Zayne Parekh,18,CGY,D,1,1,0,1,parekza01"
"826,Isaak Phillips,23,CHI,D,3,1,0,1,phillis01"
"827,Calvin Pickard,32,EDM,G,36,0,1,1,pickaca01"
"828,Andrew Poturalski,31,SJS,C,3,0,1,1,poturan01"
"829,Samuel Poulin,23,PIT,RW,7,0,1,1,poulisa01"
"830,Jonathan Quick,39,NYR,G,24,0,1,1,quickjo01"
"831,Calum Ritchie,20,COL,C,7,1,0,1,ritchca01"
"832,Isak Rosen,21,BUF,RW,8,0,1,1,rosenis01"
"833,Chad Ruhwedel,34,NYR,D,5,0,1,1,ruhwech01"
"834,Ilya Samsonov,27,VEG,G,29,0,1,1,samsoil01"
"835,Juuse Saros,29,NSH,G,58,0,1,1,sarosju01"
"836,Matthew Savoie,21,EDM,C,4,0,1,1,savoima01"
"837,Dominik Shine,31,DET,F,9,0,1,1,shinedo01"
"838,Ilya Solovyov,24,CGY,D,5,0,1,1,solovil01"
"839,Justin Sourdif,22,FLA,RW,1,1,0,1,sourdju01"
"840,Jack St. Ivany,25,PIT,D,19,0,1,1,stivajo01"
"841,Anthony Stolarz,31,TOR,G,34,0,1,1,stolaan01"
"842,Daniil Tarasov,25,CBJ,G,20,0,1,1,tarasda02"
"843,Logan Thompson,27,WSH,G,43,0,1,1,thomplo01"
"844,T.J. Tynan,32,COL,C,9,0,1,1,tynant.01"
"845,Vítek Vaněček,29,2TM,G,25,0,1,1,vanecvi01"
"845,Vítek Vaněček,29,SJS,G,18,0,1,1,vanecvi01"
"845,Vítek Vaněček,29,FLA,G,7,0,0,0,vanecvi01"
"846,Karel Vejmelka,28,UTA,G,58,0,1,1,vejmeka01"
"847,Daniel Vladař,27,CGY,G,30,0,1,1,vladada01"
"848,Chris Wagner,33,COL,C,28,1,0,1,wagnech01"
"849,Taylor Ward,26,LAK,F,1,1,0,1,wardta01"
"850,Ozzy Wiesblatt,22,NSH,RW,5,0,1,1,wiesboz01"
"851,Ryan Winterton,21,SEA,C,12,0,1,1,wintery01"
"852,Matthew Wood,19,NSH,RW,6,0,1,1,woodma01"
"853,Jack Ahcan,27,COL,D,2,0,0,0,ahcanja01"
"854,Alexander Alexeyev,25,WSH,D,8,0,0,0,alexeal01"
"855,Jake Allen,34,NJD,G,31,0,0,0,allenja01"
"856,Justus Annunen,24,2TM,G,34,0,0,0,annunju01"
"856,Justus Annunen,24,COL,G,11,0,0,0,annunju01"
"856,Justus Annunen,24,NSH,G,23,0,0,0,annunju01"
"857,Rasmus Asplund,27,FLA,F,6,0,0,0,asplura01"
"858,Alex Barré-Boulet,27,MTL,F,2,0,0,0,barreal01"
"859,Matt Benning,30,SJS,D,7,0,0,0,bennima01"
"860,Jordan Binnington,31,STL,G,56,0,0,0,binnijo01"
"861,Tobias Björnfot,23,FLA,D,14,0,0,0,bjornto01"
"862,Joel Blomqvist,23,PIT,G,15,0,0,0,blomqjo01"
"863,Samuel Bolduc,24,NYI,D,1,0,0,0,boldusa01"
"864,Thomas Bordeleau,23,SJS,C,1,0,0,0,bordeth01"
"865,Shane Bowers,25,NJD,C,4,0,0,0,bowersh01"
"866,Travis Boyd,31,MIN,C,3,0,0,0,boydtr01"
"867,Chase Bradley,23,COL,LW,2,0,0,0,bradlch01"
"868,Guillaume Brisebois,27,VAN,D,3,0,0,0,brisegu01"
"869,Brendan Brisson,23,VEG,C,9,0,0,0,brissbr01"
"870,Frederic Brunet,21,BOS,D,1,0,0,0,brunefr01"
"871,Hunter Brzustewicz,20,CGY,D,1,0,0,0,brzushu01"
"872,Kyle Capobianco,27,DAL,D,1,0,0,0,capobky01"
"873,Nathan Clurman,26,PIT,D,1,0,0,0,clurmna01"
"874,Dylan Coghlan,26,WPG,D,6,0,0,0,coghldy01"
"875,Drew Commesso,22,CHI,G,2,0,0,0,commedr01"
"876,Eric Comrie,29,WPG,G,20,0,0,0,comrier01"
"877,Pheonix Copley,33,LAK,G,1,0,0,0,copleph01"
"878,Sebastian Cossa,22,DET,G,1,0,0,0,cossase01"
"879,Cameron Crotty,25,MIN,D,1,0,0,0,crottca01"
"880,Maxwell Crozier,24,TBL,D,5,0,0,0,crozima01"
"881,Nico Daws,24,NJD,G,6,0,0,0,dawsni01"
"882,Thatcher Demko,29,VAN,G,23,0,0,0,demkoth01"
"883,Grigori Denisenko,24,VEG,LW,1,0,0,0,denisgr01"
"884,Travis Dermott,28,2TM,D,19,0,0,0,dermotr01"
"884,Travis Dermott,28,EDM,D,10,0,0,0,dermotr01"
"884,Travis Dermott,28,MIN,D,9,0,0,0,dermotr01"
"885,Cam Dineen,26,EDM,D,4,0,0,0,dineeca01"
"886,Jakub Dobes,23,MTL,G,16,0,0,0,dobesja01"
"887,Louis Domingue,32,NYR,G,1,0,0,0,dominlo01"
"888,Karsen Dorwart,22,PHI,F,5,0,0,0,dorwaka01"
"889,Lukáš Dostál,24,ANA,G,54,0,0,0,dostalu01"
"890,Joshua Dunne,26,BUF,C,2,0,0,0,dunnejo01"
"891,Riley Duran,23,BOS,C,2,0,0,0,duranri01"
"892,Dalibor Dvorsky,19,STL,C,2,0,0,0,dvorsda01"
"893,Samuel Ersson,25,PHI,G,47,0,0,0,erssosa01"
"894,Ivan Fedotov,28,PHI,G,26,0,0,0,fedotiv01"
"895,Tye Felhaber,26,COL,F,5,0,0,0,felhaty01"
"896,Domenick Fensore,23,CAR,D,2,0,0,0,fensodo01"
"897,Jack Finley,22,TBL,C,1,0,0,0,finleja01"
"898,Marc-André Fleury,40,MIN,G,26,0,0,0,fleurma01"
"899,Anton Forsberg,32,OTT,G,30,0,0,0,forsban01"
"900,Liam Foudy,24,NYI,C,2,0,0,0,foudyli01"
"901,Mark Friedman,29,VAN,D,5,0,0,0,friedma01"
"902,Jacob Gaucher,23,PHI,F,4,0,0,0,gauchja01"
"903,Julien Gauthier,27,NYI,RW,1,0,0,0,gauthju01"
"904,Adam Ginning,25,PHI,D,1,0,0,0,ginniad01"
"905,Jet Greaves,23,CBJ,G,11,0,0,0,greavje01"
"906,Nikita Grebenkin,21,TOR,RW,7,0,0,0,grebeni01"
"907,Ryan Greene,21,CHI,C,2,0,0,0,greenry01"
"908,Philipp Grubauer,33,SEA,G,26,0,0,0,grubaph01"
"909,Robert Hägg,29,VEG,D,2,0,0,0,haggro01"
"910,Jani Hakanpää,32,TOR,D,2,0,0,0,hakanja01"
"911,Brian Halonen,26,NJD,F,2,0,0,0,halonbr01"
"912,Brandon Halverson,28,TBL,G,1,0,0,0,halvebr01"
"913,Rafaël Harvey-Pinard,26,MTL,LW,1,0,0,0,harvera01"
"914,Dennis Hildeby,23,TOR,G,6,0,0,0,hildede01"
"915,Adin Hill,28,VEG,G,50,0,0,0,hillad01"
"916,Hayden Hodgson,28,OTT,RW,2,0,0,0,hodgsha01"
"917,Marcus Högberg,30,NYI,G,15,0,0,0,hogbema01"
"918,Samuel Honzek,20,CGY,LW,5,0,0,0,honzesa01"
"919,Daemon Hunt,22,MIN,D,1,0,0,0,huntda01"
"920,Ville Husso,29,2TM,G,13,0,0,0,hussovi01"
"920,Ville Husso,29,DET,G,9,0,0,0,hussovi01"
"920,Ville Husso,29,ANA,G,4,0,0,0,hussovi01"
"921,Quinn Hutson,23,EDM,F,2,0,0,0,hutsoqu01"
"922,Jere Innala,26,COL,F,17,0,0,0,innalje01"
"923,Jan Jeník,24,OTT,RW,2,0,0,0,jenikja01"
"924,Jonas Johansson,29,TBL,G,19,0,0,0,johanjo03"
"925,Reese Johnson,26,MIN,F,3,0,0,0,johnsre01"
"926,Ryan Johnson,23,BUF,D,3,0,0,0,johnsry03"
"927,Ben Jones,25,MIN,F,26,0,0,0,jonesbe01"
"928,Caleb Jones,27,LAK,D,6,0,0,0,jonesca01"
"929,Noah Juulsen,27,VAN,D,35,0,0,0,juulsno01"
"930,Kaapo Kähkönen,28,COL,G,1,0,0,0,kahkoka01"
"931,Devin Kaplan,21,PHI,RW,1,0,0,0,kaplade01"
"932,Joakim Kemell,20,NSH,RW,2,0,0,0,kemeljo01"
"933,Niklas Kokko,20,SEA,G,1,0,0,0,kokkoni01"
"934,Aleksei Kolosov,23,PHI,G,17,0,0,0,kolosal01"
"935,Joonas Korpisalo,30,BOS,G,27,0,0,0,korpijo01"
"936,Kirill Kudryavtsev,20,VAN,D,2,0,0,0,kudryki01"
"937,Raphael Lavoie,24,VEG,C,9,0,0,0,lavoira01"
"938,Nathan Legare,24,NJD,RW,3,0,0,0,legarna01"
"939,Tristan Lennox,22,NYI,G,1,0,0,0,lennotr01"
"940,Devon Levi,23,BUF,G,9,0,0,0,levide01"
"941,Charlie Lindgren,31,WSH,G,39,0,0,0,lindgch01"
"942,Jake Lucchini,29,NSH,F,3,0,0,0,lucchja01"
"943,Jett Luchanko,18,PHI,F,4,0,0,0,luchaje01"
"944,Tristan Luneau,21,ANA,D,6,0,0,0,luneatr01"
"945,Alex Lyon,32,DET,G,30,0,0,0,lyonal01"
"946,Kurtis MacDermid,30,NJD,LW,23,0,0,0,macdeku01"
"947,Connor Mackey,28,NYR,D,2,0,0,0,mackeco01"
"948,James Malatesta,21,CBJ,LW,2,0,0,0,malatja01"
"949,Jacob Markström,35,NJD,G,49,0,0,0,marksja02"
"950,Spencer Martin,29,CAR,G,9,0,0,0,martisp01"
"951,Carter Mazur,22,DET,LW,1,0,0,0,mazurca01"
"952,Jaycob Megna,32,FLA,D,8,0,0,0,megnaja02"
"953,Jacob Melanson,21,SEA,RW,1,0,0,0,melanja01"
"954,Leevi Merilainen,22,OTT,G,12,0,0,0,merille01"
"955,Ben Meyers,26,SEA,F,8,0,0,0,meyerbe01"
"956,Sonny Milano,28,WSH,LW,3,0,0,0,milanso01"
"957,Michael Milne,22,MIN,LW,1,0,0,0,milnemi01"
"958,Trent Miner,23,COL,G,2,0,0,0,minertr01"
"959,Daniil Misyul,24,NJD,D,1,0,0,0,misyuda01"
"960,Mason Morelli,28,VEG,F,1,0,0,0,morelma01"
"961,Petr Mrázek,32,2TM,G,38,0,0,0,mrazepe01"
"961,Petr Mrázek,32,CHI,G,33,0,0,0,mrazepe01"
"961,Petr Mrázek,32,DET,G,5,0,0,0,mrazepe01"
"962,Ty Mueller,21,VAN,C,2,0,0,0,muellty01"
"963,Brett Murray,26,BUF,LW,3,0,0,0,murrabr02"
"964,Matt Murray,30,TOR,G,2,0,0,0,murrama02"
"965,Alexander Nylander,26,TOR,LW,5,0,0,0,nylanal01"
"966,Oskar Olausson,22,COL,RW,2,0,0,0,olausos01"
"967,Noah Ostlund,20,BUF,C,8,0,0,0,ostluno01"
"968,Victor Ostman,24,SEA,G,1,0,0,0,ostmavi01"
"969,Yaniv Perets,24,CAR,G,1,0,0,0,peretya01"
"970,Gabriel Perreault,19,NYR,RW,5,0,0,0,perrega01"
"971,Alexander Petrovic,32,DAL,D,5,0,0,0,petroal01"
"972,Michael Pezzetta,26,MTL,C,25,0,0,0,pezzemi01"
"973,Jason Polin,25,COL,F,2,0,0,0,polinja01"
"974,Vasiliy Ponomarev,22,PIT,C,7,0,0,0,ponomva01"
"975,Erik Portillo,24,LAK,G,1,0,0,0,portier01"
"976,Cayden Primeau,25,MTL,G,11,0,0,0,primeca01"
"977,Nikita Prishchepov,20,COL,C,10,0,0,0,prishni01"
"978,Jacob Quillan,22,TOR,F,1,0,0,0,quillja01"
"979,James Reimer,36,2TM,G,24,0,0,0,reimeja01"
"979,James Reimer,36,ANA,G,2,0,0,0,reimeja01"
"979,James Reimer,36,BUF,G,22,0,0,0,reimeja01"
"980,David Rittich,32,LAK,G,34,0,0,0,rittida01"
"981,Matthew Robertson,23,NYR,D,2,0,0,0,roberma02"
"982,Olivier Rodrigue,24,EDM,G,2,0,0,0,rodriol01"
"983,Georgi Romanov,25,SJS,G,8,0,0,0,romange01"
"984,Jonas Røndbjerg,25,VEG,RW,13,0,0,0,rondbjo01"
"985,Scott Sabourin,32,SJS,F,1,0,0,0,sabousc01"
"986,Steven Santini,29,TBL,D,1,0,0,0,santist01"
"987,Akira Schmid,24,VEG,G,5,0,0,0,schmiak01"
"988,Corey Schueneman,29,STL,D,4,0,0,0,schueco01"
"989,Jimmy Schuldt,29,SJS,D,8,0,0,0,schulja01"
"990,Donovan Sebrango,23,OTT,D,2,0,0,0,sebrado01"
"991,Conor Sheary,32,TBL,LW,5,0,0,0,shearco01"
"992,Hunter Shepard,29,WSH,G,1,0,0,0,shepahu01"
"993,Igor Shesterkin,29,NYR,G,61,0,0,0,shestig01"
"994,Owen Sillinger,27,CBJ,F,1,0,0,0,silliow01"
"995,Arturs Silovs,23,VAN,G,10,0,0,0,silovar01"
"996,Jakub Skarek,25,NYI,G,2,0,0,0,skareja01"
"997,Stuart Skinner,26,EDM,G,51,0,0,0,skinnst01"
"998,Givani Smith,26,2TM,RW,13,0,0,0,smithgi01"
"998,Givani Smith,26,SJS,RW,6,0,0,0,smithgi01"
"998,Givani Smith,26,COL,RW,7,0,0,0,smithgi01"
"999,Arvid Söderblom,25,CHI,G,36,0,0,0,soderar01"
"1000,Jaxson Stauber,25,UTA,G,6,0,0,0,staubja01"
"1001,Clay Stevenson,25,WSH,G,1,0,0,0,stevecl01"
"1002,Ales Stezka,28,SEA,G,1,0,0,0,stezkal01"
"1003,Matthew Stienburg,24,COL,C,8,0,0,0,stienma01"
"1004,Riley Stillman,26,CAR,D,5,0,0,0,stillri01"
"1005,Aydar Suniev,20,CGY,LW,1,0,0,0,sunieay01"
"1006,Ryan Suzuki,23,CAR,C,2,0,0,0,suzukry01"
"1007,Jeremy Swayman,26,BOS,G,58,0,0,0,swaymje01"
"1008,Mads Søgaard,24,OTT,G,2,0,0,0,sogaama01"
"1009,Cam Talbot,37,DET,G,47,0,0,0,talboca01"
"1010,Dustin Tokarski,35,CAR,G,6,0,0,0,tokardu01"
"1011,Nikita Tolopilo,24,VAN,G,2,0,0,0,tolopni01"
"1012,Dominic Toninato,30,WPG,C,5,0,0,0,tonindo01"
"1013,Riley Tufte,26,BOS,LW,6,0,0,0,tufteri01"
"1014,Ryan Ufko,21,NSH,D,1,0,0,0,ufkory01"
"1015,Semyon Varlamov,36,NYI,G,10,0,0,0,varlasi01"
"1016,Jeffrey Viel,28,BOS,F,5,0,0,0,vielje01"
"1017,Matt Villalta,25,UTA,G,1,0,0,0,villama01"
"1018,Jesper Wallstedt,22,MIN,G,2,0,0,0,wallsje01"
"1019,Tim Washe,23,ANA,F,2,0,0,0,washeti01"
"1020,Scott Wedgewood,32,2TM,G,24,0,0,0,wedgesc01"
"1020,Scott Wedgewood,32,NSH,G,5,0,0,0,wedgesc01"
"1020,Scott Wedgewood,32,COL,G,19,0,0,0,wedgesc01"
"1021,Colin White,28,SJS,C,3,0,0,0,whiteco02"
"1022,Jack Williams,,CBJ,F,1,0,0,0,willija02"
"1023,Joseph Woll,26,TOR,G,42,0,0,0,wolljo01"
",League Average,,,,,,,,-9999"


"Provided by <a href=""https://www.sports-reference.com/sharing.html?utm_source=direct&utm_medium=Share&utm_campaign=ShareTool"">Hockey-Reference.com</a>: <a href=""https://www.hockey-reference.com/leagues/NHL_2025_skaters.html?sr&utm_source=direct&utm_medium=Share&utm_campaign=ShareTool#player_stats"">View Original Table</a><br>Generated 10/27/2025."